ID;DR;SR-SC;CNT;Position;TR;TMC;ATMC;ATSC;Sentence;
PTEU1;asynchrony;before;;Final;Ant;PP;Culm;Culm;A PSP do Seixal, no distrito de Setúbal, anunciou nesta terça-feira a detenção de sete pessoas por suspeita de tráfico de droga, tendo sido apreendidas mais de quatro mil doses de droga e 16 mil euros em dinheiro.;
PTEU2;expansion;expander;;Final;Simul;PIMP-Ind;St;Culm;Até à chegada da troika a Portugal, as despesas com pessoal consumiam sistematicamente 13 % a 14 % do PIB, tendo mesmo atingido o pico de 14,5 % em 2005.;
PTEU3;cause;result;;Final;Post;PresPro;St;Culm;As declarações estão a criar ondas de choque no meio judicial, entre magistrados e advogados, tendo levado o Conselho Superior de Magistratura ( CSM ) a abrir um inquérito para tirar as insinuações a limpo.;
PTEU4;cause;result;;Final;Post;PP;St;Culm;Segundo a mais prestigiada publicação de turismo a nível mundial, foi a melhor reabertura hoteleira em toda a Europa e zona do Mediterrâneo, tendo arrecadado o prémio de excelência na categoria “ Best newcomer or back on the scene hotel ".;
PTEU5;conjunction;SYM;;Final;Simul;PP;CP;Culm;Mesmo que o Governo tenha alargado o quadro de juízes – segundo números oficiais, entre 2015 e 2018 o número de juízes passou de 154 para 193, tendo sido abertas mais 40 vagas no Centro de Estudos Judiciários – e considere agora que o argumento da falta de meios começa a não pegar, a juíza insiste que continuam a faltar meios.;
PTEU6;asynchrony;after;;Final;Post;PP;Culm;Culm;Fernando Rocha Andrade, deputado do PS e ex-secretário de Estado dos Assuntos Fiscais, quis saber se não há muito a fazer para potenciar os meios já existentes, tendo dado o exemplo concreto do mecanismo da apensação de processos, que permite que centenas ou milhares de processos possam ser resolvidos de uma assentada, mas que não têm sido usado pelos tribunais.;
PTEU7;asynchrony;after;;Final;Post;Pres-Ind;Culm;Culm;Cinco dias após a demissão de João Ribas, a administradora da instituição assegura que até ao momento não houve qualquer contacto pessoal por parte de diretor artístico contratado há oito meses, tendo revelado que o também curador da exposição do fotógrafo norte-americano anunciou o pedido de demissão “ primeiro por SMS, e a seguir por email ".;
PTEU8;exemplification;instance;;Final;Simul;PP;CP;Culm;O Santander Totta reviu a sua política de comissões, tendo agravado os custos a 50 mil contas e subido o preço da maioria dos cartões em 5,4 %.;
PTEU9;exemplification;instance;;Final;Simul;PP;CP;Culm;O Santander Totta reviu a sua política de comissões, tendo agravado os custos a 50 mil contas e subido o preço da maioria dos cartões em 5,4 %.;
PTEU10;expansion;expander;;Final;Simul;PP;CP;Culm;Nos nove primeiros meses do ano o Santander lucrou 385 milhões de euros, mais 16 % do que em 2017, tendo já concluído o processo de integração tecnológica e operacional do ex-Banco Popular.;
PTEU11;asynchrony;before;;Final;Ant;Pres-Ind;CP;CP;Para o presidente da comissão executiva do BCP, esta aquisição é efetuada num mercado com elevado potencial de crescimento, tendo sido analisada com o máximo detalhe dada a relevância que a gestão rigorosa do capital e dos riscos de negócio assumem para a comissão executiva do BCP e que esta operação irá contribuir para reforçar a rendibilidade e a qualidade dos ativos do grupo Millennium.;
PTEU12;elaboration;specific;;Final;Simul;PP;Culm;Culm;No prazo mais curto colocou € 2500 milhões tendo pago uma taxa de 1,98 %, acima dos juros no mercado secundário, mas muito abaixo de 2,51 % que pagou no leilão similar de outubro.;
PTEU13;asynchrony;after;;Final;Post;PP;Pro;Culm;Recorde-se que a titularidade do Banco Insular foi escondida ao Banco de Portugal durante anos, tendo cessado atividade em 2009.;
PTEU14;expansion;expander;;Final;Ant;Pres-Ind;St;Culm;Na origem do diferendo está uma proposta pela Operestiva de um contrato sem termo a 30 estivadores, tendo este sido assinado por uma pessoa.;
PTEU15;conjunction;SYM;;Final;Simul;PP;St;CP;Foram consideradas 67 freguesias, tendo os dados sido recolhidos entre abril e setembro deste ano.;
PTEU16;cause;reason;;Initial;Ant;Fut;St;Culm;Tendo chegado agora o choque com a realidade, os apoiantes do Brexit que fantasiavam com uma saída limpa e dura, ou até mesmo sem acordo, terão que se contentar com o que May conseguiu negociar com a União Europeia, pois ninguém se preparou para uma verdadeira estratégia alternativa.;
PTEU17;asynchrony;after;;Final;Post;PP;Culm;Culm;Fonte do Instituto Nacional de Emergência Médica ( INEM ) disse à Lusa que uma retroescavadora e duas viaturas foram arrastadas para o interior de uma pedreira, tendo o alerta sido dado às 15h45.;
PTEU18;cause;reason;;Final;Ant;Pres-Ind;St;Culm;A IMPRESA assume o compromisso de garantir a proteção da segurança dos dados pessoais que lhe são disponibilizados, tendo aprovado e implementado rigorosas regras nesta matéria.;
PTEU19;cause;reason;;Final;Ant;Pres-Ind;St;CP;A IMPRESA assume o compromisso de garantir a proteção da segurança dos dados pessoais que lhe são disponibilizados, tendo aprovado e implementado rigorosas regras nesta matéria.;
PTEU20;expansion;expander;;Final;Ant;Pres-Ind;St;Culm;Vai sendo hora de acabar este Expresso Curto, e para não o alongar deixo votos de boa semana, lembrando que o que se passar no país e no mundo terá registo fidedigno nos sítios do Expresso e da SIC e resumo esclarecedor às 18h, no Expresso Diário. * Fui buscar o título deste curto a uma canção de Sérgio Godinho, “ Guerra e Paz ". É uma de várias do músico que náo estão em nenhum dos seus álbuns de originais, tendo sido estreada na compilação “ Era uma vez um rapaz ", dos anos 80, e retomada no concerto “ Três cantos ", com Fausto Bordalo Dias e José Mário Branco, em 2009.;
PTEU21;expansion;expander;;Final;Simul;Pres-Ind;St;Pro;Rui Massena Band estreou-se em Novembro de 2017 no Centro Cultural de Belém, em Lisboa, e está neste momento em digressão, tendo vindo a encher as salas do país por onde tem passado.;
PTEU22;asynchrony;after;;Final;Post;PP;Culm;Culm;O chefe de Estado chegou ao local pelas 13h33, tendo saído um quarto de hora depois apenas acenando aos jornalistas.;
PTEU23;expansion;expander;;Final;Ant;Pres-Ind;St;CP;A Netflix tem 137 milhões de subscritores em todo o mundo, tendo conseguido angariar sete milhões no terceiro trimestre deste ano, superando a expectativa fixada nos cinco milhões.;
PTEU24;expansion;expander;;Final;Post;PIMP-Ind;St;St;A classificação de estudantes e neste mesmo período era liderada pelo concorrente com o nickname Rodrigo255 cuja carteira valia 334.517,96 euros, tendo mantido também a posição da passada semana.;
PTEU25;cause;result;;Final;Post;PP;Culm;Culm;No final das dez semanas de prova, na categoria geral, o participante com o nickname jota007 sagrou-se campeão, tendo obtido uma valorização da sua carteira de 341.114,27 euros.;
PTEU26;cause;result;;Final;Simul;PP;Pro;Pro;Os principais metais de base – cobre, alumínio, zinco, níquel, estanho e chumbo – foram, igualmente, penalizados pela queda da procura, muito à conta da desaceleração económica na China, tendo registado descidas generalizadas no mercado londrino ( London Metal Exchange ).;
PTEU27;cause;result;;Final;Simul;Pres-Ind;St;Culm;Na categoria de estudantes o participante que utiliza o nickname JohnyPMS é o vencedor final, tendo conseguido uma valorização da sua carteira de 225.828,00 euros.;
PTEU28;cause;reason;;Final;Ant;Pres-Ind;St;Culm;As noites são dedicadas à escrita, tendo colocado a sua novela, “ Badawi ",   no programa de ensino francês.;
PTEU29;exemplification;instance;;Final;Simul;PP;CP;Pro;Miguel Leitmann, por sua vez, construiu uma carreira científica na área da tecnologia aeroespacial, tendo participado no desenvolvimento, construção e lançamento do primeiro satélite português, em 1993.;
PTEU30;cause;result;;Final;Post;PP;Culm;Culm;No que concerne ao desemprego e precaridade, os mesmos são hoje uma realidade no sector, bastando ver o que se passou no porto de Aveiro após a publicação da Lei nº3/2013, de 14 de Janeiro, onde mais de duas dezenas de trabalhadores efectivos ficaram sem colocação, tendo aumentado substancialmente o número de eventuais, tendo também sido dispensados 48 trabalhadores no porto de Lisboa, dispensa essa que foi um dos motivos das greves ocorridas nos anos de 2013 e 2014, que terminaram com a recolocação e readmissão dos aludidos trabalhadores.;
PTEU31;cause;result;;Final;Simul;PP;Culm;Culm;No que concerne ao desemprego e precaridade, os mesmos são hoje uma realidade no sector, bastando ver o que se passou no porto de Aveiro após a publicação da Lei nº3/2013, de 14 de Janeiro, onde mais de duas dezenas de trabalhadores efectivos ficaram sem colocação, tendo aumentado substancialmente o número de eventuais, tendo também sido dispensados 48 trabalhadores no porto de Lisboa, dispensa essa que foi um dos motivos das greves ocorridas nos anos de 2013 e 2014, que terminaram com a recolocação e readmissão dos aludidos trabalhadores.;
PTEU32;expansion;expander;;Final;Ant;Pres-Ind;St;Culm;O aludido acordo de 12 de Setembro de 2012, é composto por 8 páginas, as quais contêm tudo aquilo que veio a ser contemplado pela Lei nº3/2013, de 14 de Janeiro, tendo sido subscrito, no lado sindical, somente pela Federação Nacional dos Sindicatos dos Trabalhadores Portuários, a qual, no seu todo, não representa mais de 18 % do total de trabalhadores portuários e, ainda assim, tal acordo não foi sequer objecto de apreciação e votação pelos trabalhadores associados dos Sindicatos que integram a Federação, os quais não foram sequer ouvidos por aqueles que alegam falar em seu nome ( desafia-se aqui o Jornalista, Sr. João Palma-Ferreira, a obter cópia certificada de uma só acta em que o acordo em causa tenha sido dado a conhecer aos sócios dos Sindicatos que integram a Federação ).;
PTEU33;cause;result;;Final;Simul;Pres-Ind;St;Pro;Para além disso, o próprio Acordo, e também a Lei, contemplam situações que são inexequíveis, tendo dado origem a situações que, se não fossem de uma gravidade extrema, seriam risíveis.;
PTEU34;contrast;SYM;;Medial;Ant;PPC-Conj;Culm;Culm;O documento, assinado entre o Serviço de Estrangeiros e Fronteiras ( SEF ) e o homólogo alemão, “ agiliza o processo de retoma relativamente a pessoas que, tendo inicialmente solicitado proteção internacional num dos países, tenham também indevidamente solicitado o mesmo estatuto no outro e aí permaneçam de forma ilegal ", explica fonte oficial do Ministério da Administração Interna ( MAI ).;
PTEU35;expansion;expander;;Final;Ant;PP;CP;Culm;Lima e o seu sócio Vitor Raposo criaram em 2007 um fundo para esse efeito tendo pedido ao BPN um crédito de mais de 40 milhões de euros.;
PTEU36;asynchrony;after;;Final;Post;PP;Culm;Culm;O ex-ministro da Defesa Nacional, Azeredo Lopes, manifestou hoje ao Departamento Central de Investigação e Ação Penal [ DCIAP ] total e completa disponibilidade e interesse em ser ouvido sobre o caso de Tancos.Face às notícias de hoje sobre o chamado ' caso de Tancos ´, contactei o DCIAP, tendo manifestado, com respeito pleno pela autonomia decisória da PGR [ Procuradoria-Geral da República ], a minha total e completa disponibilidade e interesse em ser ouvido pela investigação deste caso, disse José Azeredo Lopes, numa declaração enviada à Lusa.;
PTEU37;asynchrony;after;;Final;Post;PP;Culm;Culm;Dias depois da demissão de Azeredo Lopes, o Chefe do Estado-Maior do Exército, general Rovisco Duarte, também se demitiu, tendo sido substituído pelo general Nunes da Fonseca.;
PTEU38;asynchrony;before;;Medial;Ant;Pres-Conj;St;Culm;Como o Expresso avança na sua edição impressa deste sábado, o Governo vai apresentar medidas para que quem queira regressar a Portugal, tendo saído do país durante os anos da crise, conte com uma redução de 50 % no IRS e com a dedução das despesas que tiver durante a reinstalação, como a viagem ou a nova habitação.;
PTEU39;cause;reason;;Final;Simul;PP;St;Culm;De acordo com a companhia, estas cinco paralisações foram mal sucedidas, mas prejudiciais para a empresa, tendo sido concretizadas por menos de 25 % dos pilotos irlandeses da Ryanair em julho e agosto.;
PTEU40;asynchrony;after;;Final;Post;PP;Culm;Culm;Fonte oficial da NAV explicou à Lusa que um avião da companhia aérea Ryanair, proveniente de Marselha, foi instruído pela torre de controlo a abortar uma primeira aterragem quando já estava na fase final da mesma, tendo aterrado uns minutos depois sem qualquer problema.;
PTEU41;expansion;expander;;Final;Simul;PP;St;CP;No primeiro semestre de 2017, a TAP liderou o volume de movimentos no Aeroporto Francisco Sá Carneiro, tendo aumentado em 16,7 % o número de passageiros, face a 2016.;
PTEU42;asynchrony;after;;Final;Post;PP;Culm;CP;Cinco dos elementos policiais tiveram morte imediata, tendo dois outros sido transportados com lesões graves e em estado crítico para uma unidade hospitalar na capital do estado Raipur.;
PTEU43;cause;reason;;Initial;Ant;Pres-Ind;Culm;Pro;Assim rezava a nota da Cúria Patriarcal: “ Tendo constado em vários pontos do País que Nossa Senhora aparecera num lugar da freguesia de Rio Maior e chegando ao conhecimento desta Cúria que já por duas vezes ali se reuniram numerosas pessoas a fim de assistirem a factos anunciados como extraordinários (... ), esclarece-se que, depois de exame cuidadoso acerca do que sobre as pretensas aparições se passou, se verificou nada existir que confirme ou pareça confirmar a veracidade de tais aparições ".;
PTEU44;asynchrony;after;;Final;Post;PP;Culm;Culm;Aí, demitiu-se o presidente, Mauro Xavier, tendo sido substituído interinamente pelo seu nº 2, Rodrigo Gonçalves — e este, pediu, logo em abril, a realização de eleições na concelhia.;
PTEU45;cause;reason;;Initial;Ant;PP;Culm;Culm;Na sequência da criação do fundo Revita, organismo ao qual coube coordenar o processo de reconstrução das casas danificadas, tendo novamente manifestado preocupação com a gestão dos fundos solidários, foi garantido à AVIPG pelo presidente do Revita a prestação de serviços gratuitos pela consultora PWC.;
PTEU46;cause;reason;;Final;Simul;Pres-Ind;St;Culm;Depois de ter batido um recorde de movimentos de aviões ( partidas e chegadas ) e de passageiros em 2016, com 22,4 milhões de passageiros ( mais 2,35 milhões de passageiros que em 2015 ), o Aeroporto Humberto Delgado continua a crescer em 2017, tendo atingido 5,2 milhões de passageiros no primeiro trimestre deste ano, o que corresponde a um aumento de 21,1 % face a igual período de 2016.;
PTEU47;expansion;expander;;Final;Simul;PP;St;Culm;Devido ao vento forte foram cancelados no domingo dezenas de voos no Aeroporto da Madeira, que afetaram mais de cinco mil passageiros, tendo muitos sido alojados em hotéis da região.;
PTEU48;asynchrony;after;;Final;Post;PP;Culm;CP;Em conferência de imprensa, o diretor do Aeroporto Humberto Delgado, em Lisboa, João Nunes, afirmou que os problemas com o abastecimento começaram hoje pelas 12h, tendo entretanto sido cancelados 27 voos e seis outros divergiram para outros aeroportos.;
PTEU49;expansion;expander;;Final;Ant;PP;Culm;CP;A marcha lenta de taxistas teve início esta manhã junto ao Castelo do Queijo e terminou na Avenida dos Aliados, tendo reunido cerca de 400 viaturas.;
PTEU50;asynchrony;after;;Final;Post;PP;CP;CP;Em 2010, eram 113 as empresas portuguesas que exportavam para o Irão, número que aumentou em 2011, para 125, tendo descido para 87, em 2012, e para 58, em 2013, recuperando em 2014, totalizando 89 empresas.;
PTEU51;asynchrony;after;;Final;Post;PP;St;Culm;A primeira a entrar em cena foi Célia Silva, tendo perdido com Sofa Polcanova com os parciais de 11-6, 11-4 e 11-3.;
PTEU52;asynchrony;after;;Final;Post;PP;Culm;Culm;O deslizamento de um grande volume de terra na estrada entre Borba a Vila Viçosa, no distrito de Évora, provocou a deslocação de uma quantidade significativa de rochas, de blocos de mármore e de terra para o interior de uma pedreira contígua, tendo o alerta sido dado às 15:45 de segunda-feira.;
PTEU53;expansion;expander;;Final;Ant;Pres-Ind;St;St;O ministro é também auditor fiscal e é formado pela Academia Militar, tendo sido oficial do Exército. órgão do Governo Federal responsável pela defesa do patrimônio público, transparência e combate à corrupção.;
PTEU54;expansion;expander;;Final;Ant;Pres-Ind;St;CP;Para esta edição do festival, que se realiza na zona histórica da cidade da Praia, estão inscritos 121 filmes, tendo sido selecionados 27 filmes para a secção competitiva do festival: quatro nacionais e 23 internacionais.;
PTEU55;cause;reason;;Final;Ant;PP;Culm;Pro;Angola, que foi o país com mais gastos militares na África subsaariana ( ASS ) em 2014, desceu no ano passado para a terceira posição, atrás do Sudão e da África do Sul, tendo sofrido o segundo maior corte na despesa entre 2014 e 2017 ( 61 % ).;
PTEU56;expansion;expander;;Final;Simul;PP;Pro;St;No comunicado, a tutela dava conta de que a secretária de Estado, Ângela Ferreira, reuniu-se na segunda-feira com Rui Horta, tendo estado também presentes no encontro elementos da autarquia de Montemor-o-Novo e da Direção-Geral das Artes.;
PTEU57;elaboration;specific;;Final;Simul;PP;Pro;Culm;Sob forte contestação interna, May dirigiu-se aos deputados de manhã, tendo garantido estar a cumprir o mandato do povo britânico e esperar ser ainda a primeira-ministra no dia 29 de março de 2019.;
PTEU58;asynchrony;before;;Final;Ant;Pres-Ind;St;CP;Mas o procedimento para uma moção de censura a May está em curso, tendo já sido enviadas 20 cartas a Graham Brady, o responsável pelo Comité 1922 ( como é conhecido o grupo parlamentar conservador formado por deputados que não têm cargos no governo ).;
PTEU59;asynchrony;after;;Final;Post;PP;Culm;Culm;Na quinta-feira três ativistas antitouradas entraram na arena da Praça de Albufeira durante a corrida, tendo sido retirados pela GNR e agredidos quando eram levados do recinto, mostram as imagens de um vídeo partilhado no Facebook por Peter Janssen, ativista do Vegan Strike Group.;
PTEU60;asynchrony;after;;Final;Post;PP;Culm;Pro;Na quinta-feira três ativistas antitouradas entraram na arena da Praça de Albufeira durante a corrida, tendo sido retirados pela GNR e agredidos quando eram levados do recinto, mostram as imagens de um vídeo partilhado no Facebook por Peter Janssen, ativista do Vegan Strike Group.;
PTEU61;expansion;expander;;Final;Simul;PP;CP;St;Nos 59 jogos que já orientou contabiliza 36 triunfos, o que representa 60,01 % de jogos ganhos, sendo apenas batido por Manuel da Luz Afonso, que na década de 1960 ganhou 15 das 20 partidas ( 75 % ) que orientou, tendo sido responsável pelo terceiro lugar no Mundial de 1966; e por Humberto Coelho, que venceu 16 dos 24 jogos ( 66,66 % ) como selecionador, tendo ficado ligado ao terceiro lugar no Euro 2000.;
PTEU62;expansion;expander;;Final;Simul;PP;CP;St;Nos 59 jogos que já orientou contabiliza 36 triunfos, o que representa 60,01 % de jogos ganhos, sendo apenas batido por Manuel da Luz Afonso, que na década de 1960 ganhou 15 das 20 partidas ( 75 % ) que orientou, tendo sido responsável pelo terceiro lugar no Mundial de 1966; e por Humberto Coelho, que venceu 16 dos 24 jogos ( 66,66 % ) como selecionador, tendo ficado ligado ao terceiro lugar no Euro 2000.;
PTEU63;asynchrony;before;;Final;Ant;PP;Culm;Culm;Aliás, nos quatro jogos da Liga das Nações, apresentou até uma equipa bem mais jovem do que as anteriores, tendo deixado de fora alguns trintões como Cristiano Ronaldo, João Moutinho, Ricardo Quaresma, Nani, Bruno Alves ou Manuel Fernandes.;
PTEU64;expansion;expander;;Final;Ant;Pres-Ind;St;Culm;Fernando Santos é ainda o primeiro selecionador a levar Portugal a todas as fases finais de competições internacionais, tendo começado pelo Euro 2016, que acabou por conquistar, levou depois a equipa ao terceiro lugar na Taça das Confederações, aos oitavos-de-final do Mundial 2018 e agora já tem garantida a presença nos quatro primeiros classificados da nova Liga das Nações, da UEFA.;
PTEU65;asynchrony;before;;Initial;Ant;PIMP-Ind;St;Culm;E tendo voltado numa equipa repleta de artistas ( sobretudo os seis do meio campo para a frente ), sobressaía como o prodigioso líder espiritual e competitivo.;
PTEU66;expansion;expander;;Final;Simul;PP;CP;Culm;E, bem vistas as coisas, dois golos num jogo não é nada de anormal para a estrela portuguesa, que já bisou por 12 vezes com a camisola das quinas e só nesta época 2016-17, ao serviço do Real Madrid, marcou mais de um golo em 11 jogos, tendo dois deles sido na final da Liga dos Campeões com a Juventus.;
PTEU67;expansion;expander;;Final;Post;PP;Pro;Culm;Na ocasião, Maradona dirigiu uma equipa frente a um conjunto orientado pelo brasileiro Pelé, outrora seu inimigo, tendo ainda elogiado outros jogadores presentes no Euro2016.;
PTEU68;expansion;expander;;Final;Simul;PP;Pro;Culm;Irmão de Matateu, outra glória do Belenenses, Vicente Lucas nasceu em Maputo e vestiu a camisola dos azuis do Restelo entre 1954/55 e 1966/67, tendo conquistado a Taça de Portugal, em 1959/60.;
PTEU69;asynchrony;after;;Final;Post;PP;Culm;CP;Em novembro do ano passado, Pelé foi internado no mesmo hospital após uma indisposição estomacal, tendo sido então operado a cálculos renais.;
PTEU70;asynchrony;after;;Final;Post;PP;Culm;Culm;Dias depois, o ex-futebolista brasileiro deu novamente entrada no hospital Albert Einstein com uma infeção urinária com complicação renal, tendo sido colocado na unidade de cuidados intensivos, na qual passou cinco dias, em estado considerado grave.;
PTEU71;asynchrony;after;;Final;Post;PMP;Pro;Culm;No passado dia 13 de novembro, o antigo avançado brasileiro já tinha sido submetido a uma intervenção cirúrgica aos rins, tendo recebido alta dois dias depois.;
PTEU72;cause;reason;;Final;Ant;Pres-Conj;St;St;Talvez seja Portugal o que reconhecidamente nunca entrou com ela em conflito armado sério, e talvez seja o mais habilitado a compreender e a respeitar, comparando, aquela civilização várias vezes milenária, tendo merecido o total respeito quando pela última vez ali desceu a sua bandeira, numa cena histórica.;
PTEU73;asynchrony;before;;Final;Ant;PIMP-Conj;CP;Pro;Basta termos de reconhecer que, se o livro fosse escrito hoje, tendo passado apenas uns oito anos, o número da colheita seria muito acrescentado.;
PTEU74;asynchrony;before;;Final;Ant;Pres-Ind;St;Culm;A partir de hoje, a RTP tem uma nova administração, tendo cessado funções Cristina Vaz Tomé e Nuno Artur Silva.;
PTEU75;expansion;expander;;Final;Post;PP;Culm;Culm;Cedo percebeu que a sua vocação passava pela comunicação, tendo começado a fazer jornalismo na Rádio Universidade de Coimbra, quando frequentava o curso de Direito.;
PTEU76;expansion;expander;;Final;Simul;PP;Pro;CP;O julgamento durou mais de 6 anos, tendo sido ouvidas mais de 170 testemunhas e reunidos mais de 25 milhões de documentos.;
PTEU77;asynchrony;before;;Final;Ant;PP;Culm;Culm;O fundador do Grupo SLN/BPN, José Oliveira Costa, foi hoje condenado a 14 anos de prisão efetiva no julgamento do processo-crime principal do caso BPN, tendo sido acusado de quatro crimes e beneficiado de duas absolvições e uma prescrição.;
PTEU78;manner;means;;Final;Simul;PPC-Ind;Pro;Pro;Nos últimos anos, a Parvalorem tem vindo a tentar reduzir custos, nomeadamente através de concentração de estruturas e de redução de trabalhadores, tendo feito vários despedimentos coletivos e rescisões por mútuo acordo, tendo fechado 2015 com 175 funcionários.;
PTEU79;cause;result;;Final;Simul;PPC-Ind;Pro;Culm;Nos últimos anos, a Parvalorem tem vindo a tentar reduzir custos, nomeadamente através de concentração de estruturas e de redução de trabalhadores, tendo feito vários despedimentos coletivos e rescisões por mútuo acordo, tendo fechado 2015 com 175 funcionários.;
PTEU80;cause;result;;Final;Post;PP;Culm;Culm;Ontem, o procurador Jorge Malhado considerou que, para a acusação, ficou provado que José Oliveira Costa foi o principal responsável pelo cometimento dos crimes que estão em julgamento, tendo pedido ao coletivo de juízes uma pena única pelos diversos crimes económicos em causa que se situe entre os 13 e os 16 anos de prisão.;
PTEU81;asynchrony;before;;Final;Ant;Pres-Ind;St;Culm;Este arguido está atualmente em fuga, tendo sido condenado a pena de prisão, à revelia, noutro processo.;
PTEU82;asynchrony;after;;Final;Post;PP;Culm;CP;Arrobas disse que esteve no casino no sábado e quando ia a sair voltou a encontrar Mohamed e Carneiro, tendo dado de novo boleia, agora para Lisboa.;
PTEU83;asynchrony;after;;Final;Post;PP;Culm;Culm;Nesse caso, Arrobas da Silva foi condenado a três anos e meio por cada um dos dois crimes provados ( burla qualificada na forma tentada e falsificação de documentos ), mas em cúmulo jurídico o tribunal determinou a pena única de quatro anos e meio de prisão efetiva, tendo absolvido o advogado dos crimes de associação criminosa e branqueamento de capitais, à semelhança de todos os restantes arguidos.;
PTEU84;cause;reason;;Final;Ant;PIMP-Ind;St;Pro;Além dos crimes de ódio cometidos, o procurador afirmou que os membros do grupo estavam preparados para espalhar o terror, tendo acumulado armas, como espingardas, facas, picadores de gelo, bestas ou machetes.;
PTEU85;cause;reason;;Final;Simul;PP;CP;CP;Mas o Banco de Portugal nota que o ativo do sistema bancário inverteu a trajetória de decréscimo observada ao longo dos últimos anos, tendo aumentado 2,2 % face ao trimestre anterior.;
PTEU86;asynchrony;after;;Final;Post;PP;Culm;Culm;Há duas semanas, o então Chefe do Estado-Maior do Exército, general Rovisco Duarte, também se demitiu, tendo sido já substituído pelo general José Nunes da Fonseca.;
PTEU87;cause;reason;;Final;Ant;Pres-Ind;St;Culm;As baterias reparam-se e têm essa segunda vida - e nisso também estamos muito avançados, tendo já dado vida a projetos bem interessantes.;
PTEU88;asynchrony;after;;Final;Post;PP;Culm;Culm;A lei das plataformas deu entrada no parlamento em janeiro de 2017, tendo sido aprovada em março.;
PTEU89;asynchrony;after;;Final;Post;PP;Culm;Culm;O debate do diploma só foi agendado já este ano, tendo sido aprovado na especialidade em 12 de julho com os votos a favor do PS, do PSD e do PAN, e os votos contra do BE, PCP e Verdes, sendo o CDS-PP a única bancada parlamentar a abster-se na votação.;
PTEU90;asynchrony;before;;Final;Ant;PP;Culm;Culm;A Autoridade de Segurança Alimentar e Económica ( ASAE ) anunciou hoje a apreensão de 5.900 doses de droga numa operação de combate à contrafação no Norte do país, tendo confiscado 12.000 artigos falsificados no valor de quase 51 mil euros.;
PTEU91;cause;result;;Final;Post;PP;CP;Culm;Em comunicado, a ASAE explica que foram fiscalizados 129 operadores económicos, tendo sido determinada a suspensão de atividade de uma cantina escolar por falta de higiene.;
PTEU92;asynchrony;before;;Final;Ant;Pres-Ind;St;Culm;Antes da posição do ministério, a direção da Raríssimas divulgou um comunicado na rede social Facebook no qual diz que as acusações apresentadas na reportagem são insidiosas e baseadas em documentação apresentada de forma descontextualizada, afirmando que as despesas da presidente em representação da associação estão registadas contabilisticamente e auditadas, tendo sido aprovadas por todos os órgãos da direção.;
PTEU93;cause;result;;Final;Post;PP;CP;CP;A ASAE sublinha que, no total, foram inspecionados 160 operadores económicos, tendo sido instaurados 45 processos de contraordenação.;
PTEU94;cause;result;;Final;Post;INF-C;CP;Culm;Em comunicado, a ASAE adiantou ter, através da Unidade Regional do Sul, realizado na semana passada uma ação de fiscalização direcionada para a verificação do cumprimento das condições higiossanitárias e técnico-funcionais de laboração de uma queijaria, tendo procedido à sua suspensão.;
PTEU95;cause;result;;Final;Post;PP;Culm;Culm;De acordo com a ASAE, foi confirmada no produto a presença de bactérias coliformes assim como de Escherichia coli, com grave risco de contaminação das superfícies de laboração e equipamentos, assim como das mãos dos manipuladores, tendo sido determinada a suspensão imediata da unidade industrial até que possa ser reposta a legalidade.;
PTEU96;asynchrony;after;;Final;Post;INF-C;Culm;Culm;A GNR anunciou esta sexta-feira ter detido um homem de nacionalidade chinesa, na fronteira do Caia, em Elvas ( Portalegre ), por alegado branqueamento de capitais e tentativa de suborno, tendo apreendido cerca de 430 mil euros em numerário.;
PTEU97;conjunction;SYM;;Final;Simul;PP;CP;CP;A GNR apreendeu mercadorias no valor de 3,8 milhões de euros em 2016 no âmbito da fraude e evasão fiscal, tendo ainda levantado cerca de 20.000 autos, que ascenderam a mais de oito milhões de euros, foi hoje anunciado.;
PTEU98;asynchrony;before;;Final;Ant;PP;Culm;St;A Gira - Bicicletas de Lisboa entrou em funcionamento em setembro do ano passado, tendo havido um período de testes anteriormente, que começou em junho.;
PTEU99;expansion;expander;;Final;Simul;PP;CP;CP;No ano passado, os Centros de Orientação de Doentes Urgentes ( CODU ) do INEM atenderam perto de 1,4 milhões de chamadas, tendo sido accionados 1.269.196 meios de emergência ( ambulâncias e motas, viaturas médicas e helicópteros ).;
PTEU100;expansion;expander;;Final;Simul;PPC-Ind;Pro;Culm;Ao contrário do que se passa com Matemática, a Português a média do exame tem vindo sempre a subir desde 2013, ano em que caiu para 47 pontos, tendo atingido agora um dos seus valores mais altos.;
PTEU101;cause;result;;Final;Simul;PP;CP;CP;A Inspecção-Geral da Agricultura, do Mar, do Ambiente e do Ordenamento do Território ( IGAMAOT ) realizou em 2017, na bacia do Tejo, 246 acções de inspecção tendo levantado 115 autos de notícia por crimes ambientais – o que dá uma média de dois crimes ambientais detectados por semana.;
PTEU102;asynchrony;after;;Final;Post;PIMP-Ind;St;Culm;Na anterior versão, o Juramento contemplava a seguinte frase: Guardarei respeito absoluto pela vida humana desde o início, tendo sido substituído o respeito absoluto por máximo respeito.;
PTEU103;asynchrony;before;;Medial;Ant;Pres-Ind;Pro;Pro;Este valor é calculado tendo em conta os cerca de 1500 estudantes que todos os anos entram em Medicina, a afluência daqueles que, como Ana, tendo estudado fora tentam fazer a especialidade em Portugal ( foram 460 no ano passado ) e dos que, ficando retirados em anos anteriores, repetem o exame de acesso.;
PTEU104;conjunction;SYM;;Final;Simul;PP;Pro;Pro;A melhoria registou-se ao longo dos cinco anos em análise, mesmo tendo em conta que em 2017 foram feitas mais do dobro das cirurgias do que em 2013, tendo também aumentado o número de instituições que fazem esta vigilância epidemiológica ( + 42,6 % ).;
PTEU105;cause;reason;;Final;Simul;PP;Culm;CP;Os dados divulgados pelo INE nesta quinta-feira mostram ainda que a mortalidade infantil atingiu em 2017 o valor mais baixo desde que há registos, tendo diminuído 0,7 % face a 2016.;
PTEU106;asynchrony;before;;Final;Ant;PP;Culm;Culm;Foi em 2016 e o octogenário até já recebeu uma indemnização da companhia de seguros do automobilista, tendo renunciado a outras compensações, mas agora é a mulher do lesado que reivindica mais dez mil euros pelo desassossego que lhe causou o episódio, que lhe atirou o companheiro um mês para o hospital.;
PTEU107;conjunction;SYM;;Final;Simul;PPC-Ind;Pro;Culm;A ministra da Justiça, Francisca Van Dunem, tem vindo a resumir o protesto dos juízes à impossibilidade de ganharem mais do que o primeiro-ministro, tendo até incitado os deputados a resolverem a questão quando esteve esta semana no Parlamento a defender o Orçamento de Estado de 2019.;
PTEU108;asynchrony;after;;Final;Post;PP;St;Culm;A este propósito basta relembrar que o partido que atualmente forma Governo foi o mesmo que na sua anterior passagem pelo executivo quis englobar os juízes no regime de carreiras e vínculos da função pública, tendo recuado apenas quando o Tribunal Constitucional o proibiu, e que o maior partido da oposição é o mesmo cujo então líder, quando o Tribunal Constitucional vetou medidas aprovadas pelo Governo do qual era primeiro-ministro, disse que a solução seria “ ter mais cuidado ao escolher os juízes ".;
PTEU109;expansion;expander;;Medial;Ant;Pres-Ind;St;Pro;Quanto aos que, ocupando ou tendo ocupado cargos governativos, se insurgem agora contra o facto de titulares de órgãos de soberania poderem recorrer à greve, muito se lamenta que só se recordem que os juízes têm essa qualidade para criticar o recurso à greve, mas já não para discutir o Estatuto com a dignidade devida a titulares de órgãos de soberania.;
PTEU110;elaboration;specific;;Final;Simul;PP;Pro;Culm;Embora à data da compra do terreno não fosse sócio-gerente da Selminho, Sebastião Moreira declarou que teve uma “ intervenção no negócio ", tendo feito uma avaliação técnica do terreno, a pedido de um outro seu irmão, Luís Miguel Moreira, mas sem nunca o ter visitado.;
PTEU111;expansion;expander;;Final;Simul;PIMP-Ind;St;Pro;Doutorado em Ciências Jurídicas, desde 1978 que era professor catedrático, tendo leccionado sobretudo na área do Direito Civil em cadeiras Teoria Geral do Direito Civil, Direito das Obrigações, Direito Comparado e Introdução ao Estudo do Direito.;
PTEU112;asynchrony;after;;Final;Post;PP;CP;CP;De acordo com a informação que consta do Portal da Justiça, as quatro empresas que se propõem a pagar 425 milhões de euros pelo vasto património imobiliário foram criadas na Madeira, tendo as sedes sido transferidas recentemente para Lisboa.;
PTEU113;asynchrony;before;;Medial;Ant;Pres-Conj;Culm;Culm;Do mesmo modo, deverá atuar o progenitor guardião numa situação em que, tendo sido fixada uma pensão de alimentos, venha o progenitor obrigado a alimentos, em data posterior, pedir a alteração desse valor de pensão, alegando alterações supervenientes que o levem a não poder suportar o montante de pensão que se encontrava a pagar.;
PTEU114;cause;reason;;Final;Ant;Pres-Ind;St;Culm;Referindo-se aos factos, a magistrada referiu que são de extrema gravidade, tendo quebrado os seus deveres enquanto funcionário público.;
PTEU115;cause;result;;Final;Post;PP;CP;Culm;Entre 2006 e 2015, o arguido planeou com um conjunto de empreiteiros que, em troca da adjudicação de determinada obra, estes teriam de lhe pagar 10 % da factura da empreitada antes dos impostos, tendo recebido mais de 460 mil euros.;
PTEU116;cause;result;;Final;Post;PP;Pro;St;As buscas decorreram esta quinta-feira na residência do suspeito, na ARSN e numa instituição bancária, tendo permitido apreender “ um montante superior a meio milhão de euros em dinheiro, para além de objectos de ourivesaria e colecções de relógios de valor avultado ".;
PTEU117;asynchrony;before;;Final;Ant;ir(Pres)+INF-S;Culm;Culm;Fonte ligada ao processo disse à Lusa que o julgamento vai decorrer na ausência de Carlos Quaresma, residente na Suécia e que pediu dispensa ao tribunal por motivos de saúde, tendo sido já enviadas cartas rogatórias para as autoridades daquele país com o propósito de o arguido poder ser inquirido.;
PTEU118;asynchrony;after;;Final;Post;PP;Pro;Culm;O ex-inspector da Judiciária, membro da direcção de Godinho Lopes, ajudou Nuno Mendes e a Juve Leo, tendo cobrado o favor já fora do clube.;
PTEU119;expansion;expander;;Final;Ant;PP;Culm;Culm;Os dois pareceres foram aprovados com o voto a favor de três conselheiros e uma abstenção, tendo faltado um dos vogais do conselho regulador da ERC.;
PTEU120;conjunction;SYM;;Final;Simul;PP;CP;CP;Os outros grupos parlamentares têm um percurso mais irregular. À direita do PS, o PSD absteve-se em quatro orçamentos ( 2010, 2011, 2016 e 2018 ) e votou contra apenas relativamente ao de 2017 e o CDS absteve-se também em três orçamentos, mas votou contra em 2008 e 2011. À esquerda do PS, a oposição é maior: o PCP apenas votou três vezes a favor ( 2010, 2016 e 2018 ), tendo votado contra em cinco anos e optado pela abstenção em seis; e o BE votou a favor do montante da CAV em 2010, 2012, 2017 e 2018, tendo igualmente seis abstenções e quatro votos contra.;
PTEU121;asynchrony;after;;Final;Post;PIMP-Ind;St;Culm;Mosquito era accionista único da sociedade de direito luxemburguês GAM Holding, tendo formalizado, esta sexta-feira, a alienação da sua participação nessa sociedade, exonerando-se, deste modo, da sua condição de accionista, adiantou a mesma fonte.;
PTEU122;asynchrony;after;;Final;Post;PP;Culm;Culm;Já Afonso Camões, que era director editorial do Jornal de Notícias, passou no final de Setembro a director-geral de conteúdos da Global Media, tendo sido substituído nas anteriores funções por Domingos de Andrade.;
PTEU123;expansion;expander;;Final;Simul;PP;Culm;St;Em conferência de imprensa em Lisboa, o presidente da Fense, José Correia Azevedo, considerou que a adesão à greve ultrapassou as expectativas dos sindicatos, que era de 60 a 70 %, tendo sido de 95 %.;
PTEU124;cause;reason;;Final;Ant;PP;Culm;Culm;Quanto às três vítimas mortais indirectamente ligadas aos incêndios, Maria Célia Costa contou ao JN que o marido, Joaquim Correia Marques da Costa ( 66 anos ) morreu na madrugada de 16 de Outubro quando se encontravam no largo da aldeia refugiados do fogo com o resto da população, tendo sofrido um ataque cardíaco.;
PTEU125;concession;e-raiser;mesmo;Final;Simul;PP;CP;St;Mas acredita que o facto de ser negro influenciou o seu percurso: não contou com atenuante na pena aplicada, de seis anos e sete meses, cumpriu-a praticamente até ao fim e sem conseguir gozar de qualquer precária, mesmo tendo sido um “ recluso exemplar ".;
PTEU126;asynchrony;after;;Final;Post;INF-C;Culm;CP;O LVMPD confirmou ter sido apresentada uma queixa, a 13 de Julho de 2009, por abuso sexual, tendo sido efectuados exames à vítima, queixa que viera a ser arquivada uma vez que a vítima não identificara o agressor nem o local da agressão.;
PTEU127;cause;reason;;Final;Simul;PIMP-Ind;St;CP;Para anular a validade do acordo celebrado, os advogados de Kathryn Mayorga terão de provar que este NDA é um “ contrato inaceitável " ( unconscionable contract ), nomeadamente porque Mayorga estava numa situação negocial imensamente inferior à de Ronaldo, inclusive tendo sido coagida a assiná-lo, pelo que não lhe foi possível a defesa dos seus direitos e interesses; ou, ainda, terão de provar que este NDA visa ocultar um crime de violação – em alguns estados, são proibidos os NDA em certos caso de abusos sexuais – embora as decisões dos tribunais sobre esta matéria não sejam uniformes.;
PTEU128;elaboration;specific;;Final;Simul;PP;Pro;Culm;À saída do encontro, apenas Siza Vieira prestou declarações, tendo apresentado publicamente condolências às famílias das vítimas e deixado uma palavra de apoio aos operacionais que se mantêm no terreno. É uma tragédia, lamentamos o ocorrido. Damos as condolências sinceras às famílias enlutadas, disse.;
PTEU129;elaboration;specific;;Final;Simul;PP;Pro;Culm;À saída do encontro, apenas Siza Vieira prestou declarações, tendo apresentado publicamente condolências às famílias das vítimas e deixado uma palavra de apoio aos operacionais que se mantêm no terreno. É uma tragédia, lamentamos o ocorrido. Damos as condolências sinceras às famílias enlutadas, disse.;
PTEU130;asynchrony;after;;Final;Post;PP;CP;Culm;Com uma carreira internacional de primeiro nível, este casal de intérpretes apaixonou-se por Marvão numa visita a Portugal, tendo então decidido criar um festival naquele local.;
PTEU131;expansion;expander;;Final;Ant;Fut;Culm;Culm;Na ocasião será estreada uma sinfonia ( intitulada Subjetiva ) de António Pinho Vargas, uma encomenda do CCB, tendo sido desafiada a cineasta Teresa Villaverde para propor uma criação cinematográfica a partir da peça Six Portraits of Pain ( 2001 ).;
PTEU132;asynchrony;after;;Final;Post;PP;CP;CP;A empresa Parque Expo foi criada em 1993 para construir, explorar e desmantelar a Expo98, tendo depois alargado as suas competências à escala nacional e internacional.;
PTEU133;concession;e-raiser;;Initial;Ant;Pres-Ind;St;St;Tendo havido um aumento de 40 % das verbas atribuídas a este concurso plurianual relativamente às do quadriénio anterior, as pessoas têm a sensação de que não só não houve mais, como, pelo contrário, têm a ideia de que houve cortes.;
PTEU134;concession;e-raiser;;Final;Ant;Pres-Ind;Culm;Culm;E digo-o tendo nascido em 1987, quando se lançava o ciclo comemorativo mais longo da Europa, doze anos bem lembrados do público português pelas iniciativas em torno dos descobrimentos, com a Expo-98 à cabeça. É pena termos esquecido o acto inaugural.;
PTEU135;expansion;expander;;Final;Post;PP;Culm;Pro;Publicou o seu primeiro conto no diário A Batalha quando tinha apenas 19, tendo escrito e até ajudado a criar outros jornais e revistas ( ABC, Ilustração, África Magazine, Imprensa Livre, Repórter X, Detective ).;
PTEU136;expansion;expander;;Final;Post;PP;Culm;CP;Publicou o seu primeiro conto no diário A Batalha quando tinha apenas 19, tendo escrito e até ajudado a criar outros jornais e revistas ( ABC, Ilustração, África Magazine, Imprensa Livre, Repórter X, Detective ).;
PTEU137;cause;result;;Final;Post;PIMP-Ind;St;Pro;Ao abandono ficavam os milhares de soldados negros que haviam lutado ao lado dos portugueses, tendo sido vítimas de miseráveis execuções sumárias em praças públicas.;
PTEU138;asynchrony;after;;Final;Post;PP;Culm;Culm;O avançado, de 23 anos, chegou aos “ azuis e brancos " na época 2011/12, proveniente do Paraná, foi cedido a Rio Ave, Palmeiras e São Paulo, tendo sido agora novamente emprestado, depois de ter integrado o plantel comandado por Nuno Espírito Santo durante o mês de Janeiro.;
PTEU139;asynchrony;after;;Final;Post;PP;Culm;Culm;Os outros dois indivíduos puseram-se em fuga, tendo sido um deles capturado de seguida.;
PTEU140;cause;result;;Final;Simul;PP;Pro;St;A campanha, que tem como parceiro o Comité Nacional para o Programa Internacional de Geociências da UNESCO, já envolveu, ao longo de dois anos, mais de 2200 voluntários, tendo permitido retirar do estuário do Sado, desde 2016, 41 mil embalagens de sal e 36 toneladas de lixo, das quais apenas 4,9 toneladas de resíduos puderam ser encaminhadas para reciclagem.;
PTEU141;expansion;expander;;Final;Simul;PP;St;CP;No entanto, foi no cinema que se destacou, dividindo-se entre o documentário e a ficção, tendo assinado mais de 50 obras.;
PTEU142;exemplification;instance;;Final;Simul;PP;Pro;Culm;Fernando Lopes viu o seu trabalho ser, por várias ocasiões, distinguido e premiado, tendo sido condecorado pelo Governo francês com a Ordem do Mérito Artístico e pelo então Presidente da República Mário Soares com a Ordem do Infante D. Henrique pelo seu contributo dado ao cinema.;
PTEU143;asynchrony;after;;Final;Post;PP;Culm;St;Durão Barroso recordou que, em Abril passado, durante as comemorações do 30º aniversário da Revolução dos Cravos, reuniu em São Bento os ex-primeiros-ministros do pós-revolução, tendo ficado impressionado com Maria de Lourdes Pintasilgo.;
PTEU144;asynchrony;after;;Final;Post;PP;Culm;Culm;O dirigente do Bloco de Esquerda, Francisco Louçã, recebeu também a notícia da morte de ex-primeira-ministra com muito pesar e desgosto, tendo destacado a generosidade de Maria de Lourdes Pintasilgo.;
PTEU145;asynchrony;before;;Initial;Ant;PP;Culm;Culm;iii ) E, tendo começado uma corrida solitária, com algumas centenas de espontâneos em ruas e aeroportos, sustentado num micropartido ( o PSL ) que elegera um deputado em 2014, acabou concentrando um milhão de pessoas na Paulista, conseguiu que o PSL obtivesse 52 deputados e levou a que candidatos a senador e a governador implorassem o seu apoio ( ajudando a eleger 15 dos 27 governadores, incluindo os dos estados mais populosos e ricos ).;
PTEU146;expansion;expander;;Final;Simul;PIMP-Ind;St;CP;Feldman, com Corey Haim, era um dos jovens ídolos adolescentes dos anos 1980, tendo feito Stand by Me ou Os Goonies, entre muitos outros projectos.;
PTEU147;asynchrony;after;;Final;Post;PP;Culm;Culm;O general Rovisco Duarte também apresentou a demissão de Chefe do Estado-Maior do Exército, tendo sido substituído pelo general José Nunes da Fonseca.;
PTEU148;expansion;expander;;Final;Simul;PP;Culm;Culm;A decisão do STF por 6-5 foi tomada após uma longa sessão ( mais de dez horas ), tendo sido selada com o voto contra da presidente do tribunal, Cármen Lúcia.;
PTEU149;expansion;narrative;;Final;Simul;PP;St;Culm;Gilmar Mendes foi dos juízes que defenderam que Lula só deve cumprir pena de prisão depois de esgotados todos os recursos, tendo mudado o seu voto original.;
PTEU150;asynchrony;after;;Final;Post;PP;Culm;Culm;Lula da Silva foi condenado no âmbito da Operação Lava-Jato, tendo começado em Abril a cumprir a pena depois de a sentença inicial ter sido confirmada em segunda instância, após um primeiro recurso.;
PTEU151;asynchrony;after;;Final;Post;PP;Culm;CP;Segundo a Polícia Militar de Paraíba, Lindinalva Pereira de Lima Filha, de 35 anos, foi atingida com um tiro na perna esquerda, disparado de um carro que furou o bloqueio, tendo sido transportada para o Hospital de Trauma de João Pessoa.;
PTEU152;asynchrony;after;;Final;Post;PP;Culm;Culm;Este documento foi reencaminhado para o Parlamento pela Procuradora-Geral da República, Lucília Gago, tendo chegado ontem às mãos dos deputados.;
PTEU153;asynchrony;after;;Final;Post;PP;Culm;Culm;Face às notícias de hoje [ quinta-feira ] sobre o chamado ‘ caso de Tanco ’, contactei o DCIAP, tendo manifestado, com respeito pleno pela autonomia decisória da PGR [ Procuradoria-Geral da República ], a minha total e completa disponibilidade e interesse em ser ouvido pela investigação deste caso ", disse José Azeredo Lopes, numa declaração enviada à Lusa.;
PTEU154;expansion;expander;;Final;Ant;Pres-Ind;St;St;Doutorado em Ciência Política pela Universidade de Oxford, e com mestrado e licenciatura pela London School of Economics, João Gomes Cravinho é atualmente embaixador da União Europeia no Brasil, desde agosto de 2015, tendo desempenhado o mesmo cargo na Índia entre 2011 e 2015.;
PTEU155;asynchrony;after;;Final;Post;PP;Culm;Culm;O Boeing 737, que transportava 149 passageiros a bordo, “ comunicou problemas de pressurização quando fazia a ligação com Amesterdão, tendo divergido e aterrado em segurança no Aeroporto de Faro pelas 12h51.;
PTEU156;asynchrony;after;;Final;Post;PP;Culm;Culm;O Boeing 737, que transportava 149 passageiros a bordo, “ comunicou problemas de pressurização quando fazia a ligação com Amesterdão, tendo divergido e aterrado em segurança no Aeroporto de Faro pelas 12h51.;
PTEU157;asynchrony;after;;Final;Post;PP;Culm;Pro;Segundo um comunicado da DGRSP, que “ lamenta profundamente o ocorrido ", logo após o acidente de serviço com a arma de fogo, disparada por um dos formadores, o INEM foi acionado, tendo procedido no local a manobras de reanimação que não tiveram sucesso.;
PTEU158;asynchrony;after;;Final;Post;PP;Culm;Pro;O INEM foi imediatamente acionado tendo procedido no local a manobras de reanimação que, infelizmente, não tiveram sucesso, pelo que o óbito da guarda foi declarado no local.;
PTEU159;cause;reason;;Final;Ant;Pres-Ind;St;Culm;Internamente estão igualmente em curso todas as diligências para apurar as causas deste acidente, tendo sido ordenada a abertura de inquérito a cargo do inspetor coordenador do Serviço de Auditoria e Inspeção ( Norte ) desta Direção Geral e que é magistrado do Ministério Público.;
PTEU160;elaboration;specific;;Final;Simul;PIMP-Ind;Pro;Culm;A deputada falava na manifestação da Plataforma Cultura em Luta, tendo afirmado que esta legislatura podia ser “ o momento " para se alcançar aquele desígnio, pois havia “ uma maioria parlamentar que podia ter feito a diferença, mas era preciso que o Governo quisesse ".;
PTEU161;asynchrony;after;;Final;Post;PP;Culm;St;Ou melhor, influenciado por Barbosa de Melo ( PPD ) e Cunha Rodrigues ( então adjunto do procurador-geral da República bastante activo na defesa da autonomia do MP ), António Almeida Santos ( ministro da Justiça ) derrotou a ala do PS que queria um MP à francesa, tendo ficado devidamente inscrito na lei a “ autonomia " dos procuradores “ em relação aos demais órgãos do poder central, regional e local ". “ Autonomia " do MP essa que apenas foi inscrita em 1989 na Constituição.;
PTEU162;expansion;expander;;Final;Simul;PP;St;Culm;Paulo Rangel foi responsável no mandato passado pelas relações parlamentares do PPE, tendo acrescentado em 2011 a pasta da comunicação estratégica do grupo parlamentar.;
PTEU163;concession;e-raiser;mesmo;Medial;Ant;Pres-Ind;St;Culm;Se porventura for Jean-Claude Juncker o escolhido, isso significará que alienámos mais um pedaço da nossa soberania a favor de uma entidade que, mesmo tendo sido eleita pelo voto dos cidadãos, responde muito pouco perante esses mesmos cidadãos – e legisla com muito pouco consentimento dos eleitorados.;
PTEU164;expansion;expander;;Final;Simul;PP;CP;St;Entre janeiro e junho, foram feitos 41.786 “ testes do pezinho ", tendo sido no primeiro mês do ano que se registou o valor mais alto: 7.789 testes.;
PTEU165;cause;reason;;Final;Simul;Pres-Ind;St;CP;O valor referente aos primeiros seis meses deste ano representa um ligeiro crescimento face ao mesmo período de 2017, tendo sido feitos mais 97 “ testes do pezinho ", ou seja, mais 0,2 %.;
PTEU166;asynchrony;after;;Final;Post;PP;Culm;Culm;Foram diagnosticados alguns miomas a Clara, sendo a mesma submetida a uma miomectomia [ cirurgia que consiste em extrair o(s ) mioma(s ) ], tendo procurado nova ajuda numa clínica especializada em infertilidade, em Lisboa. “ O nosso sonho começou a construir-se a partir daí.;
PTEU167;expansion;expander;;Final;Simul;PP;St;Culm;De forma a preparar o corpo e a mente para os tratamentos e uma possível gravidez, Sónia teve sempre cuidado com o peso, a atividade física e a alimentação, tendo encontrado na acupuntura a tranquilidade que precisava para estar à altura das exigências. “ Prefiro preparar-me do caminho para a frente do que ficar a alimentar-me do que ficou para trás.;
PTEU168;conjunction;SYM;;Final;Simul;Pres-Ind;St;Culm;Afirmam-se como as “ representantes " do Octo em Portugal, tendo escolhido o dia 1 de junho, por ser dia da criança, para começar a distribuir os polvos.;
PTEU169;cause;result;;Final;Simul;PIMP-Ind;St;Culm;A realização da obra implicava o encerramento temporário do estabelecimento, tendo sido acordado com o inquilino, em tribunal, a sua saída em outubro de 2016, com indemnização.;
PTEU170;asynchrony;after;;Final;Post;PP;Culm;Culm;Assim que a fração ficou pronta, os inquilinos regressaram ( tendo aliás recusado receber a devolução das rendas pagas no período em que estiveram fora, como lhes propus ).;
PTEU171;asynchrony;after;;Final;Post;PP;Culm;Culm;Desde logo, refere o direito de resposta, porque “ o imóvel foi colocado à venda, em 2017, tendo sido posteriormente retirado do mercado ".;
PTEU172;cause;reason;;Final;Ant;PP;St;CP;A sondagem mediu também a popularidade das principais figuras da política nacional: o Presidente da República, Marcelo Rebelo de Sousa, conquistou um saldo de popularidade ( diferença entre as opiniões negativas e as positivas ) positivo de 63,9 %, uma subida de 0,6 pontos percentuais face à última sondagem; o primeiro-ministro, António Costa, tem um saldo positivo de 34,2 %, tendo subido 0,7 pontos percentuais; Rui Rio tem um saldo também positivo, de 10,3 %.;
PTEU173;expansion;expander;;Final;Post;PP;CP;Culm;A sondagem foi realizada pelo Centro de Estudos e Sondagens de Opinião ( CESOP ) da Universidade Católica para o Jornal de Notícias, tendo obtido uma taxa de resposta de 61 %.;
PTEU174;cause;result;;Final;Simul;PP;Pro;Pro;Um porta-voz de Salvamento Marítimo disse à agência espanhola Efe que desde as 07:00 o centro coordenador de Almeria recebeu vários avisos sobre a saída de embarcações a partir de Marrocos ou avistamento de “ pateras ", tendo mobilizado meios aéreos e marítimos.;
PTEU175;asynchrony;after;;Final;Post;PP;Culm;CP;Uma das mulheres resgatadas está grávida e começou a sentir fortes contrações, tendo sido entretanto transferida para o hospital Torrecárdenas em Almeria.;
PTEU176;expansion;expander;;Medial;Simul;PPC-Conj;Pro;Pro;Segundo o Ministério da Administração Interna, este acordo agiliza o processo de retoma relativamente a pessoas que, tendo inicialmente solicitado proteção internacional num dos países, tenham também indevidamente solicitado o mesmo estatuto no outro, ou que aí permaneçam em situação irregular.;
PTEU177;synchrony;SYM;;Final;Simul;PP;CP;St;Fonte da sede do ACNUR, em Genebra, afirmou à agência Lusa que os cerca de 3.000 moçambicanos que estavam no Maláui regressaram nas últimas três semanas de setembro, tendo apenas ficado para trás cerca de 10 famílias por questões como, por exemplo, estarem a receber cuidados de saúde.;
PTEU178;cause;result;;Final;Simul;PPC-Ind;Pro;Pro;Outros países vizinhos, como o Equador e a Colômbia, também têm enfrentado problemas devido ao elevado número de venezuelanos que chega, tendo até adotado medidas de controlo de chegadas, como a exigência de passaporte e não só de bilhete de identidade nacional.;
PTEU179;cause;result;;Final;Simul;Pres-Ind;St;Culm;O Governo da Hungria opõe-se frontalmente ao sistema de repartição de refugiados na União Europeia, tendo recusado receber qualquer pessoa.;
PTEU180;manner;means;;Final;Simul;PP;CP;Pro;A representante da organização no Brasil, a espanhola Isabel Márquez, disse aos jornalistas que, nos últimos meses, o perfil das pessoas que chegam da Venezuela mudou, tendo aumentado o número de membros das classes sociais mais pobres.;
PTEU181;asynchrony;after;;Final;Post;PP;Culm;Culm;Entretanto, o Governo pediu uma auditoria à Inspeção-Geral de Finanças ( IGF ), que está já a investigar o caso, tendo alargado o âmbito da auditoria e pedido o apoio ao Instituto Superior Técnico para realizar uma peritagem às aplicações informáticas da AT.;
PTEU182;asynchrony;after;;Final;Post;PP;Culm;Culm;Entretanto, o Governo pediu uma auditoria à Inspeção-Geral de Finanças ( IGF ), que está já a investigar o caso, tendo alargado o âmbito da auditoria e pedido o apoio ao Instituto Superior Técnico para realizar uma peritagem às aplicações informáticas da AT.;
PTEU183;expansion;expander;;Final;Ant;Pres-Ind;St;Pro;Traduzindo: há despesas com bens ou serviços que fazem parte de tratamentos, tendo sido prescritas pelos médicos — como por exemplo produtos sem lactose, ou natação — mas que não podem ser deduzidas no IRS porque não foram feitas em estabelecimentos cuja classificação nas Finanças ( CAE ) corresponde às atividades identificadas como sendo de “ Saúde ".;
PTEU184;manner;means;;Final;Simul;PP;Pro;Pro;A acompanhar esse aumento, os contribuintes reagiram, tendo recorrido aos tribunais com maior afluência para tentarem fazer valer os seus direitos e garantias ".;
PTEU185;cause;reason;;Final;Ant;Pres-Ind;St;Culm;E entre estas cobranças, estão as coimas por contra-ordenação que têm vindo a crescer de forma imparável desde 2009, tendo alcançado os 232 milhões de euros no ano passado, valor que só perde para as coimas cobradas em 2008.;
PTEU186;cause;result;;Final;Post;PP;Culm;St;Fonte da GNR indicou que se tratou de um acidente de trabalho, tendo estado no local elementos da Autoridade para as Condições do Trabalho ( ACT ), para averiguar as circunstâncias em que ocorreu o acidente.;
PTEU187;asynchrony;after;;Final;Post;PP;Culm;St;Segundo fonte do Comando Distrital de Operações de Socorro ( CDOS ) de Portalegre, o alerta para a queda de um homem, de uma altura de cerca de cinco metros, quando trabalhava num poste da EDP foi dado às 10h51, tendo sido considerado ferido grave.;
PTEU188;asynchrony;after;;Final;Post;PP;Culm;Culm;A ANPC propôs para reforço do dispositivo para a fase ‘ Delta, entre 1 e 15 de outubro, 105 equipas de combate, tendo sido autorizadas 50, tendo também sido recusadas 200 horas de voo suplementares para duas parelhas de aviões anfíbios médios e 40 operacionais para a Força Especial de Bombeiros ( FEB ), bem como uma parelha de aviões anfíbios médios e quatro meios aéreos.;
PTEU189;asynchrony;after;;Final;Post;PP;Culm;Culm;A ANPC propôs para reforço do dispositivo para a fase ‘ Delta, entre 1 e 15 de outubro, 105 equipas de combate, tendo sido autorizadas 50, tendo também sido recusadas 200 horas de voo suplementares para duas parelhas de aviões anfíbios médios e 40 operacionais para a Força Especial de Bombeiros ( FEB ), bem como uma parelha de aviões anfíbios médios e quatro meios aéreos.;
PTEU190;asynchrony;after;;Final;Post;PP;Culm;Culm;O relatório da comissão técnica independente adianta que, a 10 de outubro, foi proposto novo reforço de meios, tendo sido aprovadas 164 equipas, o acréscimo de 70 horas de voo para aviões anfíbios médios e o prolongamento de locação de oito helicópteros médios até 31 de outubro, mas foi recusado o aluguer de quatro aviões anfíbios médios para 13 a 31 de outubro.;
PTEU191;expansion;expander;;Final;Ant;PP;Culm;CP;Dos três ramos das Forças Armadas, a Marinha “ não forneceu elementos que materializassem qualquer ação "; o Exército realizou 55 ações de patrulhamento e oito ações diferenciadas, com 29 oficiais, 119 sargentos e 557 praças no terreno, apoiados por 140 viaturas ligeiras, médias e pesadas, uma viatura pronto-socorro e quatro plataformas; e a Força Aérea “ identificou uma missão com o empenhamento de sete oficiais, sete sargentos e dois praças, tendo concretizado oito a nove horas de voo ", revela o documento de análise aos fogos de outubro de 2017.;
PTEU192;expansion;expander;;Final;Ant;Pres-Ind;St;Culm;A autoestrada 19 ( A19 ) liga Batalha a Leiria numa extensão de 16,4 quilómetros, tendo sido inaugurada em novembro de 2011.;
PTEU193;asynchrony;after;;Final;Post;PP;Culm;Culm;Os CTT anunciaram no início de janeiro o fecho de 22 lojas no âmbito do plano de reestruturação, tendo encerrado já oito na passada sexta-feira nos concelhos de Águeda, Aveiro, Barreiro, Lisboa, Loulé e Sintra.;
PTEU194;expansion;expander;;Final;Ant;PP;CP;Culm;João Burrica, de 65 anos, cumpriu três mandatos consecutivos na presidência da Câmara de Campo Maior, sempre eleito pelo PS, tendo sido eleito pela primeira vez nas eleições de 1997.;
PTEU195;cause;reason;;Final;Ant;PP;Culm;CP;Temporal do fim de semana deixou rasto de destruição na Mata Nacional do Buçaco, tendo provocado a queda de mais de 30 árvores, algumas delas centenárias, e destruído caminhos e trilhos turísticos.;
PTEU196;cause;reason;;Final;Ant;PP;Culm;CP;O temporal do fim de semana deixou um rasto de destruição na Mata Nacional do Buçaco, tendo provocado a queda de mais de 30 árvores, algumas delas centenárias, e destruído caminhos e trilhos turísticos.;
PTEU197;cause;reason;;Final;Ant;PresPro;St;Culm;A neve está a condicionar a circulação automóvel nas terras altas do Centro, sobretudo nos distritos da Guarda e Viseu, tendo forçado o corte das Estradas Municipais ( EM ) 553 e 553/1, em Resende, nos troços Felgueiras-Feirão e Felgueiras-Panchora, e da 515, entre Tabuaço e Viseu.;
PTEU198;conjunction;SYM;;Final;Simul;PP;Culm;Culm;Face ao período homólogo, entre abril e junho as maiores subidas do indicador observaram-se na Eslovénia ( 13,4 % ), na Irlanda ( 12,6 % ), em Portugal ( 11,2 % ) e na Hungria ( 10,4 % ), tendo sido registados dois recuos: na Suécia ( - 1,7 % ) e em Itália ( - 0,2 % ).;
PTEU199;expansion;expander;;Final;Ant;Pres-Ind;St;Culm;Este é um programa que envolve uma bolsa de fogos de património municipal, criado para responder à pressão imobiliária que atinge os moradores desde a entrada em vigor da “ lei das rendas " e o crescimento do turismo, tendo as candidaturas começado no início de março.;
PTEU200;expansion;expander;;Final;Simul;PPC-Ind;Pro;CP;Globalmente, o índice de preço das casas tem vindo a aumentar tendo sido vendidos cerca de 86 335 mil imóveis.;
PTBR1;expansion;expander;;Final;Ant;Pres-Ind;St;CP; Ciro Bottini faz sucesso na tela do Shop Time, o maior canal de vendas da América Latina. É considerado atualmente o melhor e mais famoso vendedor televisivo do Brasil, tendo criado um estilo divertido e original de vender produtos na TV. É pioneiro no segmento de vendas pela televisão, lançou diversas expressões e bordões que viraram referência e, com sua credibilidade consegue resultados concretos em faturamento e audiência.;
PTBR2;cause;reason;;Final;Ant;PresPro-G;St;CP; Convém destacar e reconhecer que de uns tempos para cá, a Polícia Federal, agora com um pouco mais de recursos, mas não ainda suficientes, está cumprindo com seu papel, tendo já deflagrado outras operações com êxito e, quando solicitada, tem se integrado às forças de segurança do Estado no combate ao narcotráfico que continua entrando pelas fronteiras desguarnecidas.;
PTBR3;concession;e-raiser;mesmo;Initial;Ant;Pres-Ind;St;Culm; Mesmo Daniel Zen tendo afirmado que não existe a chance de perder o mandato, os oposicionistas estão confiantes em uma reviravolta.;
PTBR4;concession;e-raiser;mesmo;Initial;Ant;PP;Culm;CP; Mesmo tendo ensaiado uma pequena revolta e ter afirmado que iria apoiar o petista Ney Amorim na disputa ao Senado, o prefeito de Cruzeiro do Sul, Ilderlei Cordeiro ( PP ), recuou e decidiu manter o apoio a Sérgio Petecão ( PSD ) e Marcio Bittar ( MDB ).;
PTBR5;asynchrony;before;;Medial;Ant;PP;St;St;E todo e qualquer questionamento feito, sempre esclarecido, a exemplo do ocorrido em relação ao Convênio CRT/AC/Nº4000/2007, firmado entre o INCRA e o DERACRE, que tendo sido alvo das mesmas denúncias de agora, teve prestação de contas aprovada pelo INCRA e pelo Tribunal de Contas da União, que decidiu pelo seu arquivamento do caso.;
PTBR6;concession;e-raiser;mesmo;Final;Ant;Pres-Ind;St;Culm;O partido, segundo o dirigente, é o que mais cresce mesmo tendo sido fundado há menos de quatro anos.;
PTBR7;conjunction;SYM;;Final;Simul;PIMP-Ind;St;St;No Amazonas, ele integrava a União Brasileira de Escritores e o Conselho Estadual de Cultura, tendo sido também “ fundador da Fundação de Cultura do Amazonas, que, mais tarde, daria origem à Secretaria Estadual da Cultura ".;
PTBR8;cause;reason;;Medial;Ant;PP;Culm;Culm; Menos de uma semana atrás o Barão do Rio Branco, embaixador brasileiro na Alemanha, tendo tomado conhecimento de que esforço estava sendo feito para atrair capital alemão para o empreendimento no Acre, emitiu um alerta aos investidores alemães declarando que qualquer conexão deles com o empreendimento planejado para o Acre implicaria riscos consideráveis tendo em vista que a fronteira do Acre com o Brasil e o Peru ainda eram incertas e que ambos os países reivindicavam parte daquele território e por isso negociações com a Bolívia ainda estavam em andamento.;
PTBR9;expansion;expander;;Final;Simul;PP;St;St;Espera-se que agora o Ministro do Exterior defenda junto ao governo alemão os interesses do Bolivian Syndicate no qual capital americano e alemão estão envolvidos. [ Sir William Martin Conway foi um renomado cartógrafo e montanhista inglês que havia escalado algumas das mais altas montanhas do planeta, tendo sido o primeiro a escalar, em 1898, o monte Illimani, nas cercanias de La Paz.;
PTBR10;concession;e-raiser;mesmo;Final;Ant;PIMP-Conj;St;Culm;Estranho seria se o mantivessem no cargo mesmo tendo declarado “ guerra " contra Temer e Aécio Neves.;
PTBR11;asynchrony;after;;Final;Post;PP;Culm;Culm;Depois de retornar a Manaus, ele permaneceu naquela cidade entre novembro de 1901 e o final de fevereiro de 1902, quando partiu em busca de amostras e informações de plantas produtoras de borracha no rio Madeira, tendo alcançado a localidade de Santa Maria do Marmelo, a cerca de 60 quilômetros rio abaixo da atual cidade de Humaitá-AM.;
PTBR12;cause;reason;;Final;Simul;PIMP-Ind;St;CP;Ule conhecia bem as florestas das regiões sul e Sudeste do Brasil, tendo efetuado várias expedições pelos Estados de Santa Catarina, São Paulo, Rio de Janeiro e Minas Gerais.;
PTBR13;asynchrony;after;;Final;Post;PP;Culm;St;Na quarta-feira ( 29 de novembro ) o rei partiu em avião de carreira para a cidade de Cruzeiro do Sul, tendo ficado admirado com seu aspecto pitoresco e romântico, especialmente o relevo colinoso e o verde abundante que cobria a cidade à época.;
PTBR14;concession;e-raiser;;Medial;Simul;PPC-Conj;Culm;St;Impressiona que o Rei Leopoldo III, tendo ficado apenas dois dias e meio em Cruzeiro do Sul, tenha elegido a “ Princesinha do Vale do Juruá " como a mais atraente entre todas as cidades da Amazônia brasileira que ele já havia visitado.;
PTBR15;asynchrony;after;;Final;Post;PP;Culm;Culm;Dessa vez, entretanto, ele resolveu subir o rio até chegar ao Acre, tendo atingido, em 25 de abril, a região da boca do rio Tejo, um pouco acima de onde hoje se localiza a cidade de Marechal Thaumatur.;
PTBR16;expansion;expander;;Final;Post;PP;Culm;Pro;Em 1964 ele voltou para uma expedição ao Xingu na companhia dos irmãos Villas Boas, tendo convivido com indígenas por quase dois meses.;
PTBR17;concession;e-raiser;mesmo;Initial;Ant;Pres-Ind;St;Pro;Mesmo tendo passado boa temporada fazendo doutorado na Universidade de Brasília ( UNB ), Idésio é respeitado e bem aceito tanto pela imprensa como nos mais diversificados setores da Capital.;
PTBR18;cause;reason;;Medial;Ant;PP;Culm;Culm;Os autores afirmam que as autoridades, tendo herdado um problema que persiste desde a fundação da cidade, decidiram eliminar o mesmo de forma direta e radical.;
PTBR19;expansion;expander;;Final;Ant;Pres-Ind;St;Culm;Em seu manifesto de fundação, o PT se define como um partido da classe trabalhadora, socialista, democrático, voltado para as causas sociais, tendo surgido da luta dos oprimidos, dos mais pobres, dos sem terra, dos educadores populares, dos desempregados, das donas de casa, dos mais necessitados, do sem moradia, dos sem cidadania e sem direitos.;
PTBR20;expansion;expander;;Final;Ant;PP;Culm;CP;Contudo, Mauri Sérgio ( PMDB ) venceu as eleições por uma diferença de 3.610 votos, tendo obtido a confiança de 45.113 eleitores ( 46,79 % ), ficando Marcos Afonso ( PT ) em segundo lugar com 41.503 votos ( 43,054 % ). É de se destacar que nesse pleito não houve coligações, os candidatos e seus respectivos partidos foram: Mauri Sergio ( PMDB ); Marcos Afonso ( PT ); Carlos Airton ( PPB ); Damião Pereira ( PSDB ); José Matos ( PT do B ); Sérgio Taboada ( PC do B ); Moisés Faustino ( PTB ); e Sergio de Oliveira ( PMN ).;
PTBR21;cause;reason;;Final;Ant;PP;Culm;St;Da mesma forma, o magistrado relator considerou que a quantia indenizatória foi fixada satisfatoriamente pelo Juízo de piso ( originário ), tendo atendido aos princípios da proporcionalidade e razoabilidade, “ bem como aos elementos que devem ser considerados na quantificação dos danos imateriais, tais como a gravidade da conduta ilícita, a intensidade e a duração das consequências, a condição econômica da ofensora de suportar a indenização e o dúplice caráter da medida ( pedagógico e compensatório ) ".;
PTBR22;cause;reason;;Final;Ant;PP;Culm;CP;No ano do Senhor de 1209, tendo ouvido no Evangelho o que Cristo disse aos seus discípulos da primeira hora, mudou o hábito e tomou este que os irmãos agora vestem, tornando-se imitador da pobreza evangélica e pregador zeloso do Evangelho ".;
PTBR23;concession;e-raiser;mesmo;Medial;Ant;PP;Culm;CP;E triste porque vejo uma velha companheira do PMDB, que mesmo o marido tendo sido enterrado ontem veio ao nosso comício.;
PTBR24;cause;result;;Final;Simul;PP;CP;CP;Até novembro, 24.046 mil testes de bafômetro foram realizados, tendo sido lavrados 1.623 autos de infrações de trânsito por embriaguez.;
PTBR25;asynchrony;after;;Final;Post;PP;Culm;Culm;Conta-se que no leito de morte, o sultão, em seu país, recebeu miraculosa visita de São Francisco, que se encontrava ao mesmo tempo na Itália, e se fez batizar cristão tendo morrido no seio da Santa Igreja.;
PTBR26;exemplification;instance;;Final;Simul;Pres-Ind;St;Pro;Até agora, pelo menos, oficialmente, o governador eleito Gladson Cameli tem declarado e reiterado que pretende conduzir o processo de transição de forma civilizada e cordial, tendo inclusive trocado telefonemas com o atual governador Tião Viana e os dois devem se encontrar por esses dias para uma conversa formal sobre a situação financeira do Estado e outros assuntos correlatos.;
PTBR27;cause;reason;;Initial;Ant;PP;St;CP;Sentença – Depois de julgar procedente a denúncia, tendo verificado a existência de comprovações da materialidade e autoria delitiva, e ponderando sobre a pena de P.R.L.S., o juiz de Direito Fabio Farias, titular da unidade judiciária, considerou a existência de circunstâncias qualificadoras quanto ao crime de roubo, destacando que o crime foi praticado com concurso de pessoas e ameaça exercida com emprego de arma de fogo.;
PTBR28;expansion;expander;;Final;Simul;PP;CP;Pro;Segundo afirmou o magistrado “ ( … ) o acusado E.F. da S. desferiu pelo menos três disparos de arma de fogo contra a vítima ( … ), um dos quais atingiu o seu tórax, restando evidente o animus necandi, tendo agido com dolo direto ou, no mínimo, com dolo eventual ".;
PTBR29;asynchrony;after;;Final;Post;PIMP-Ind;St;Culm;Ele já respondia por outras três acusações de violência contra mulher e estava preso na unidade penitenciária Manoel Nery da Silva, tendo sido liberado no mês de agosto para responder em liberdade.;
PTBR30;concession;e-raiser;mesmo;Initial;Ant;Pres-Ind;St;Culm;Mesmo tendo afirmado que sua saída do comando da sigla ocorreu de forma errada, Rocha ainda continua “ excomungado ".;
PTBR31;concession;e-raiser;mesmo;Final;Ant;Pres-Ind;St;Culm;Erro crasso A decisão equivocada do STF ( mais uma ) permite que prefeitos corruptos tenham suas contas aprovadas nas Câmaras mesmo o TCE tendo reprovado.;
PTBR32;concession;e-raiser;mesmo;Initial;Ant;PP;Culm;Pro;Mesmo tendo sofrido, no final de abril, com uma das maiores inundações da história da região, somente agora, há exatos 35 dias, os caixas das grandes empresas no Acre começaram a apresentar movimento significativo, segundo revelam com entusiasmo os grandes empresários do setor, em entrevista exclusiva ao Acre Economia.;
PTBR33;asynchrony;after;;Final;Post;PP;Culm;Culm;A jovem foi violentada sexualmente e assassinada, tendo o corpo sido encontrado depois de 9 dias do desaparecimento.;
PTBR34;expansion;expander;;Final;Simul;PP;CP;CP;De acordo com o 20º Informativo Epidemiológico, a Campanha Municipal contra o Sarampo, iniciada no dia 14 de abril e direcionada para crianças de seis meses até 5 anos, 11 meses e 29 dias, atingiu 95,22 % do público-alvo, tendo vacinado 182.429 crianças.;
PTBR35;contrast;null;porém;Final;Ant;INF-S;St;Pro;Os interessados em doar sangue devem portar documento oficial de identidade com foto ( RG, Carteira Profissional, Carteira de Habilitação ); ter entre 18 e 69 anos de idade, sendo que a primeira doação deve ter sido feita antes dos 60 anos; pesar acima de 50 quilos; estar em boas condições de saúde; estar alimentado, porém, tendo evitado refeições pesadas.;
PTBR36;cause;reason;;Final;Ant;Pres-Ind;St;St;O TJAM é um dos que mais investe em Tecnologia da Informação, ressaltou o presidente do TJAM, desembargador Flávio Pascarelli, tendo sido o primeiro a ter uma Comarca do interior – a do município de Envira -, a possuir todo o acervo processual 100 % virtualizado, no ano de 2013.;
PTBR37;asynchrony;after;;Final;Post;PP;CP;St;A última auditoria pela qual a fábrica passou foi realizada pelo MAPA e aconteceu entre os dias 20 e 24 de fevereiro de 2017, tendo sido considerada apta a manter suas operações em todos os critérios.;
PTBR38;elaboration;specific;;Final;Simul;PP;Culm;Culm;Em relação ao processo disciplinar em tramitação no TJAM, o cartório afirmou que o processo encontra-se em fase de julgamento, cabendo apenas ao judiciário o pronunciamento a respeito da questão. “ Mas parecer do procurador-geral de Justiça, fiscal da lei e autoridade máxima do Ministério Público Estadual, opinou pelo arquivamento do processo, tendo ressaltado que não se sustenta a necessidade de abertura de processo administrativo disciplinar, pois o ato não foi imotivado, mas fundamentado ", informou.;
PTBR39;cause;reason;;Final;Ant;PP;Culm;Culm;O Nike terminou a primeira fase com a melhor campanha, tendo empatado apenas um duelo.;
PTBR40;expansion;expander;;Final;Ant;Pres-Ind;St;Culm;O time comandado pelo técnico Eduardo Clara tem somente um ponto, tendo marcado apenas dois gols em oito jogos.;
PTBR41;cause;reason;;Final;Ant;Pres-Ind;St;Pro;Primeira artista a representar o Estado nesse encontro, a intérprete da palhaça Kandura completa, em 2016, 40 anos de carreira e é uma das principais incentivadoras locais do fazer teatral, tendo contribuído direta e indiretamente para a formação de artistas, assim como para o fortalecimento do cenário teatral baré.;
PTBR42;cause;result;;Final;Simul;PP;Pro;Pro;Apesar disso, o percentual de mulheres ocupando cargo de prefeita foi impulsionado pela Lei de Cotas, tendo crescido nas últimas eleições.;
PTBR43;concession;e-raiser;mesmo;Final;Ant;Fut;St;Culm;O vereador Hiram Nicolau ( PSD ) disse que, na CMM, se manterá como aliado do prefeito Arthur Neto, mesmo com o partido tendo coligado com PR. “ Não tem como eu ser incoerente, após três anos e meio defendendo o prefeito Arthur aqui dentro ", frisou Nicolau.;
PTBR44;concession;e-raiser;mesmo;Initial;Ant;PP;Culm;Culm;Apesar de ter ciência da obrigação legal da prestação de contas, conforme documentos anexos da ação, consta que mesmo tendo sido notificada a ré se omitiu por três vezes e não apresentou nenhum documento aos órgãos de controle.;
PTBR45;asynchrony;after;;Final;Post;PP;Culm;St;No curso da investigação, o MPF identificou que o PAD foi aberto em 2014, tendo passado mais de quatro anos em fase de inquérito.;
PTBR46;cause;reason;;Final;Simul;PP;St;CP;O longa foi destaque na edição dos Prêmios Goya, equivalente espanhol do Oscar, em 2016, tendo recebido 30 troféus, entre eles de Filme, Diretor, Roteiro Original, Ator Principal ( Ricardo Darín ) e Ator Coadjuvante ( Javier Cámara ).;
PTBR47;cause;reason;;Final;Simul;PP;St;Culm;Marcelo foi um dos destaques do Real Madrid que dominou o futebol europeu, na última temporada, tendo vencido o Campeonato Espanhol e a Liga dos Campeões.;
PTBR48;expansion;expander;;Final;Ant;PIMP-Ind;St;CP;Nascida no Complexo da Maré, era socióloga, com mestrado em Administração Pública pela Universidade Federal Fluminense ( UFF ), tendo feito dissertação sobre o funcionamento das Unidades de Polícia Pacificadoras ( UPPs ) nas favelas.;
PTBR49;cause;reason;;Final;Simul;PP;Pro;St;O treinador é bem cotado na CBF e sempre se notabilizou por bons trabalhos nas categorias de base, tendo sido campeão da Copa São Paulo de Futebol Júnior de 2008 pelo Figueirense e vencido as edições de 2009 e de 2011 da Taça BH pelo Atlético Mineiro.;
PTBR50;cause;reason;;Final;Simul;PP;Pro;St;O treinador é bem cotado na CBF e sempre se notabilizou por bons trabalhos nas categorias de base, tendo sido campeão da Copa São Paulo de Futebol Júnior de 2008 pelo Figueirense e vencido as edições de 2009 e de 2011 da Taça BH pelo Atlético Mineiro.;
PTBR51;cause;reason;;Final;Simul;Cond-C;St;CP;Na denúncia, o procurador da República Alexandre Jabur ressalta que documentos como o extrato bancário da conta do convênio, cópia dos cheques emitidos pela prefeitura, a planilha de relação de pagamentos anexada à prestação de contas e as notas fiscais emitidas pela Construtora Andorinha apontam que o principal destinatário direto da verba teria sido Francisco de Souza Chaves, tendo recebido mais que 60 % do dinheiro desviado.;
PTBR52;cause;reason;;Final;Ant;PP;Culm;Culm;Após um mês agitado, com a disputa de jogos pelas Eliminatórias para a Copa do Mundo de 2018, a seleção da Alemanha assumiu a dianteira da lista, tendo ultrapassado o Brasil, sendo que as duas equipes estão separadas por 16 pontos.;
PTBR53;asynchrony;after;;Final;Post;PP;CP;CP; No total foram apresentadas 112 emendas pelos parlamentares, tendo sido 41 ( 36,60 % ) aprovadas e 71 ( 63,40 % ) rejeitadas.;
PTBR54;expansion;expander;;Final;Ant;PP;CP;CP;Já Irving totalizou 41 pontos, tendo acertado 17 de 24 arremessos de quadra, e distribuiu seis assistências pelo Cavaliers.;
PTBR55;asynchrony;after;;Final;Post;PP;CP;CP;No total foram apresentadas 112 emendas pelos parlamentares, tendo sido 41 ( 36,60 % ) aprovadas e 71 ( 63,40 % ) rejeitadas.;
PTBR56;expansion;expander;;Final;Simul;PP;Pro;CP;Ele também foi convocado diversas vezes para a seleção brasileira, tendo participado da Copa do Mundo de 2010 como titular do ataque.;
PTBR57;asynchrony;after;;Final;Post;PP;Culm;CP;Em nível nacional, a Campanha lançada pelo Ministério da Saúde incluiu a vacinação de crianças contra o sarampo, mas em Manaus, considerando o surto da doença, a aplicação da tríplice viral, que imuniza contra sarampo, rubéola e caxumba, foi antecipada, tendo registrado a vacinação de 204.897 crianças na faixa etária de 6s meses até 5 anos, 11 meses e 29 dias, atingindo 106,9 % da meta.;
PTBR58;asynchrony;after;;Final;Post;PP;Culm;Culm;O caso chegou ao conhecimento do MPF por meio de representação feita pela vítima, tendo sido instaurado procedimento investigatório criminal em fevereiro de 2014.;
PTBR59;expansion;expander;;Final;Ant;PP;CP;CP;A magistrada destacou também que a pesquisadora cumpriu todos os requisitos para obtenção do título de doutor em biologia vegetal, tais como a conclusão de créditos em disciplinas eletivas, exame de qualificação no quinto período letivo, exame de proficiência em língua estrangeira, tendo concluído todos, ficando devendo tão somente a defesa pública da tese.;
PTBR60;cause;reason;;Final;Ant;Pres-Ind;St;CP;Considerando o volume de famílias endividadas – não necessariamente as que estão com pagamento em atraso -, Curitiba lidera o ranking, tendo 91 % acessado algum crédito.;
PTBR61;concession;e-raiser;mesmo;Initial;Ant;PP;Pro;Culm;O consumidor informou que mesmo tendo solicitado a interrupção das cobranças via débito automático, a empresa debitou, repetidas vezes, os valores pagos por meio de boleto.;
PTBR62;cause;reason;;Initial;Ant;Pres-Ind;St;Culm;Poderíamos estar aí perdendo muito tempo e energia para vencer a obstrução que a oposição certamente faria, todavia, tendo celebrado um acordo, fico feliz com esse resultado ", disse.;
PTBR63;expansion;expander;;Final;Simul;PP;Pro;St;Sobre os fatores que impactaram os preços das passagens no ano passado, a agência cita a alta dos preços do querosene de aviação ( QAV ). “ No primeiro semestre do ano passado, o valor médio do litro do QAV oscilou entre R $ 1,51 e R $ 1,60, atingindo R $ 1,81 no final do ano, tendo permanecido até 24 % acima dos valores médios praticados em 2016 ".;
PTBR64;conjunction;SYM;;Final;Ant;Pres-Ind;St;CP;Adelson tem quatro discos gravados, tendo feito também a direção musical, composição e arranjos do CD da Orquestra Vozes da Ufam.;
PTBR65;cause;reason;;Final;Ant;Pres-Ind;Pro;Culm;A Polícia Civil informou, ainda, que Leandro acumula passagens na polícia, já tendo sido preso por receptação de veículo roubado e está sendo investigado por outro homicídio na região.;
PTBR66;expansion;expander;;Final;Ant;Pres-Ind;St;Culm;Nascido na cidade de Porciúncula ( Rio de Janeiro ), Rachid é funcionário de carreira da Receita Federal, tendo ingressado no serviço público em 1986.;
PTBR67;expansion;expander;;Final;Simul;Pres-Ind;St;Pro;Ele é analista de Finanças e Controle é servidor efetivo desde 1994, tendo atuado principalmente na área da dívida pública, nos cargos de chefe-adjunto e chefe da Divisão de Análise e Planejamento da Dívida Pública ( 1994 a 1999 ).;
PTBR68;expansion;expander;;Final;Ant;Pres-Ind;St;CP;A empresa se apresenta com a segunda maior rede no segmento de hambúrgueres do Brasil, com participação de mercado de 31,6 % no setor de hamburgueres, tendo registrado em 2016 uma receita operacional líquida de R $ 1,393 bilhão.;
PTBR69;concession;e-raiser;;Final;Ant;PP;Culm;Culm;Prêmios e medalhas foram comprados por 296.750 libras ( R $ 1.453.450 ), tendo sido estimados em 15 mil libras, e uma cadeira de rodas motorizada vermelha saiu por 296.750 libras ( R $ 1.453.450 ), também tendo sido estimada em 15 mil libras.;
PTBR70;concession;e-raiser;mesmo;Initial;Ant;PP;Pro;Culm;Mesmo tendo dado 4 estrelas para a proteção de adultos, o Latin NCap criticou a estrutura do Duster.;
PTBR71;cause;reason;;Final;Ant;Pres-Ind;St;Culm;Além de carros verdes, a Volkswagen aposta nos autônomos, tendo apresentado um conceito sem volante e nem pedais no último Salão de Genebra, em março.;
PTBR72;elaboration;specific;;Final;Simul;PP;Culm;Culm;Bateria mais leve Além do centro de gravidade mais baixo, a bateria mudou de lugar, tendo sido realocada para baixo do banco de trás, em vez do porta-malas.;
PTBR73;concession;e-raiser;mesmo;Final;Simul;PP;Culm;Culm;O mercado brasileiro fechou 2014 como o 4º maior do mundo, mesmo tendo encerrado o ano com baixa nas vendas.;
PTBR74;asynchrony;after;;Final;Post;PP;Culm;Culm;A nota ainda pontuou que o prefeito já esclarecei a situação perante os secretários, tendo reforçado os votos de confiança em sua equipe e pede desculpa pelas declarações de contexto, lamentando extremamente o uso indevido das mesmas.;
PTBR75;cause;reason;;Final;Simul;PIMP-Ind;St;Culm;O governo alemão estava disposto a investir seriamente no setor, tendo reservado 600 milhões de euros para os bônus.;
PTBR76;expansion;expander;;Final;Ant;Pres-Ind;Culm;CP;O Facebook, a maior rede social do mundo, começa a negociar suas ações na bolsa de valores americana nesta sexta-feira, tendo arrecadado cerca de US $ 16 bilhões para seus fundadores e investidores com a oferta pública inicial ( IPO, em inglês ).;
PTBR77;expansion;expander;;Final;Ant;PP;St;CP;Os desinvestimentos ( venda de ativos ) para o biênio 2015-2016 foram mantidos em US $ 15,1 bilhões, tendo atingido o montante de US $ 700 milhões em 2015.;
PTBR78;concession;e-raiser;mesmo;Initial;Simul;PP;CP;CP;Mesmo tendo criado 228 novos postos de trabalho, outros 419 foram extintos - o que fez com o que o município terminasse o mês com o saldo negativo de 191 vagas.;
PTBR79;cause;result;;Final;Simul;PP;Culm;Culm;Com isso, a decisão administrativa de 1ª instância foi reformada e o auto de infração foi homologado, tendo sido aplicada multa de R $ 75 mil.;
PTBR80;concession;e-raiser;mesmo;Initial;Ant;Pres-Ind;St;Culm;Mesmo tendo sido aposentado da linha de São Caetano, o Classic ainda aparece no site da Chevrolet em versão única, LS, por R $ 32.670.;
PTBR81;cause;reason;;Final;Simul;Pres-Ind;St;Culm;De fato, a marca alemã, a mais antiga entre todas as citadas a operar no Brasil, enfrenta um 2013 não tão positivo quanto foi 2012, tendo sido superada nas vendas pela Harley-Davidson.;
PTBR82;cause;reason;;Final;Simul;Pres-Conj;St;CP;VEJA COMO É A G 310 R E ESCUTE O MOTOR: No passado as BMW eram lembradas principalmente pela robustez, hoje pela tecnologia e … pelo preço elevado, o que não impede que sejam líderes do segmento acima de 500 cc em 26 países, tendo vendido um total de 121.622 motos até este outubro, superando em 11,5 % o período anterior.;
PTBR83;cause;reason;;Final;Ant;Pres-Ind;St;CP;A frase completa, naquela circunstância, foi: Se o brasileiro soubesse tudo o que sei, tendo visitado 15 penitenciárias masculinas e femininas, seria muito dífícil dormir.;
PTBR84;concession;e-raiser;mesmo;Final;Ant;Cond;St;Culm;A medida significa uma mudança de planos da empresa, que em entrevista ao G1, no último dia 18, afirmou que manteria os então atuais valores, mesmo tendo sido habilitada no Inovar-Auto.;
PTBR85;asynchrony;after;;Final;Post;PMP;Culm;Pro;A Renault, que já havia adquirido 25 % do capital da AvtoVAZ, em 2008, tendo posteriormente ajudado a montadora russa a se recuperar de forma surpreendente, fará um aporte de aproximadamente 11,3 bilhões de rublos ( US $ 366 milhões ) na nova estrutura.;
PTBR86;concession;e-raiser;mesmo;Final;Ant;Pres-Ind;St;St;O Creta tem potencial para fazer isso mudar, mesmo tendo sido o último a chegar.;
PTBR87;cause;reason;;Final;Ant;Pres-Ind;St;St;Os dados são os mais recentes sobre feminicídio no Brasil e mostram que, entre os estados, Mato Grosso também ocupa posição preocupante: está na 11ª posição no ranking, tendo registrado morte violenta de 5,8 mulheres a cada 100 mil em 2013.;
PTBR88;concession;e-raiser;mesmo;Final;Ant;Pres-Ind;St;Culm;Em entrevistas, Daniel Craig deixou bem claro seu cansaço e disse que prefere cortar os pulsos a interpretar novamente o agente secreto, mesmo tendo assinado um contrato para fazer cinco filmes.;
PTBR89;cause;reason;;Final;Ant;PP;Culm;Culm;Quem não se lembra de Ayrton Senna que sofreu um grave e terrível acidente, vindo a falecer no dia 1º de maio de 1994 ( e se tivesse sobrevivido ficaria com sequelas, pois foi atingido na cabeça ); de Gerson Brenner que em 1998, durante uma viagem de São Paulo ao Rio de Janeiro, foi vítima de uma armadilha criminosa ao parar seu carro perto do acesso 60 da Rodovia Ayrton Senna, para trocar o pneu, tendo sido baleado na cabeça ao ser atacado por bandidos que queriam subtrair o veículo.;
PTBR90;concession;e-raiser;mesmo;Initial;Ant;Pres-Ind;St;Culm;Dois pesos e duas medidas Mesmo tendo sido expulsa d’A Fazenda, Nadja Pessoa deve continuar na Record. É o que conta o jornalista Gabriel Perline, da coluna Notícias da TV.;
PTBR91;cause;reason;;Final;Ant;Pres-Ind;St;Culm;Frutos da base Segundo o presidente nacional da OAB, Marcus Vinicius Furtado Coêlho, os quatro homenageados são figuras importantes na trajetória da Ordem e têm profunda ligação com os jovens advogados, tendo iniciado sua militância advocatícia nessas comissões em suas Seccionais. “ Todos esses hoje dirigentes são fruto da base da OAB, não são apadrinhados de ninguém.;
PTBR92;concession;e-raiser;mesmo;Initial;Ant;PP;St;Culm;ESCURO E FRIO Mesmo o jogo de sábado tendo acontecido em um dos melhores estádios do Brasil, os jogadores do Uberaba tiveram que tomar banho frio e no escuro.;
PTBR93;cause;reason;;Initial;Ant;Pres-Ind;CP;CP;Tendo sido criada por Deus, a criatura só resolve o ciclo de sua existência no Criador.;
PTBR94;cause;reason;;Medial;Ant;Pres-Ind;St;St;Ora, para isto cito uma frase de Caetano Veloso na música ‘ Americanos ’: “ Só um genocida em potencial, de batina, de gravata ou de avental, pode fingir que não vê que os veados tendo sido grupo vítima preferencial estão na situação de liderar o movimento para deter a disseminação do HIV ".;
PTBR95;expansion;expander;;Final;Simul;PP;St;CP; Por vários anos, o Sr. Sylvio Macário Pereira Alves foi escritor, poeta e contador de histórias e articulista, tendo escrito diversas matérias para revistas e jornais.;
PTBR96;expansion;expander;;Final;Ant;PP;CP;Pro;Enchendo a família de orgulho, doutor Túlio Batista Abud defendeu tese de Doutorado em Oftalmologia e Ciências Visuais pela Unifesp ( Universidade Federal do Estado de São Paulo ), recentemente, tendo sido orientado pela doutora Luciene Barbosa.;
PTBR97;cause;reason;;Final;Ant;Pres-Ind;St;St;Sabemos também da simpatia do prefeito ao nome de José Luiz, Diretor do Codau, com larga experiência administrativa no município, já tendo exercido vários cargos na municipalidade.;
PTBR98;asynchrony;after;;Final;Post;PMP;CP;CP;Em seu relato, declarou que arrecadara R$500 milhões para a sua eleição e de seus aliados, tendo se valido de R$20 milhões no custeio de gastos próprios.;
PTBR99;elaboration;specific;;Final;Simul;PP;St;CP;TAPETE VOADOR • Bolsonaro e as cruzadas – Boa nota publicada no Estadão mostra que o presidente eleito, Jair Bolsonaro, já foi colaborador, tendo criado 21 palavras cruzadas para o jornal, de 1972 a 1976.;
PTBR100;elaboration;specific;;Final;Simul;PP;St;Pro;Assim foi com a união estável, tendo percorrido longos e dolorosos passos até que fosse reconhecida como entidade familiar pela Constituição Federal de 1988.;
PTBR101;expansion;expander;;Final;Simul;PP;St;St;Quem tem um pouco mais de idade sabe que fui diretor ativo da Aciu durante mais de 20 anos, tendo sido presidente no biênio 1992/1993.;
PTBR102;asynchrony;after;;Final;Post;PP;CP;Pro;Lula ascendeu ao posto mais alto da República em sua quarta tentativa, tendo conduzido o país em dois mandados de inegável progresso econômico e social, tanto que angariou capital político para criar uma nova presidenciável, a senhora Dilma Rousseff, a partir de uma discreta e nada simpática Ministra da Casa Civil.;
PTBR103;asynchrony;before;;Medial;Ant;Pres-Conj;St;Culm;São oferecidas 238 vagas destinadas a candidato que, já tendo concluído um Curso Superior de Graduação - bacharelado, licenciatura ou tecnólogo, queira fazer novo curso de graduação na UFTM.;
PTBR104;expansion;expander;;Final;Simul;PP;St;CP;Entre maio de 2013 e maio de 2016, 21,5 milhões de pessoas foram beneficiárias, tendo sido despendidos R$86,1 bilhões com o programa.;
PTBR105;asynchrony;after;;Final;Post;GS;Culm;Culm;Em abril de 1948, um grupo de religiosos tomou um navio no porto de Ejesberg com destino ao Brasil, aqui chegando em 30 de abril do mesmo ano, tendo desembarcado no porto de Santos ( SP ).;
PTBR106;expansion;expander;;Final;Post;PP;Culm;St;Todavia, ele foi alterado em 2009, forte no argumento da presunção de inocência ( HC 84.078/MG ), tendo perdurado até fevereiro de 2016, quando o tribunal voltou ao seu anterior entendimento ( HC 126.292/SP ), reafirmado em novembro do mesmo ano ( ARE 964.246 ).;
PTBR107;expansion;expander;;Final;Simul;PP;St;Culm;Governou a Bahia de 1987 a 1989, tendo assinado, em 1988, o decreto que deu a emancipação à Eunápolis.;
PTBR108;cause;reason;;Final;Simul;PP;St;Culm;De acordo com a polícia, após ordem de abordagem, houve resistência dos ocupantes do veículo, tendo estes disparado contra os policiais, que revidaram a agressão.;
PTBR109;expansion;expander;;Final;Post;PP;Culm;St;Em 1730, teve início uma nova construção, tendo ficado inacabada.;
PTBR110;concession;e-raiser;mesmo;Final;Ant;PP;Culm;CP;A pequena Karina, 2, tem Síndrome de Down, que só foi descoberta na hora do parto, mesmo a mãe tendo feito pré-natal completo.;
PTBR111;expansion;expander;;Final;Ant;PP;Culm;Pro;Davi teve convulsões no primeiro dia de vida e só saiu do hospital após 21 dias de nascido, tendo sido alimentado por sonda durante uma semana. “ Saí de lá com medo.;
PTBR112;expansion;expander;;Medial;Ant;PP;St;Culm;Uruguaio de nascimento, tendo adotado o Brasil como sua segunda pátria, Centurión, de 66 anos, morou em Porto Seguro e atualmente faz de Salvador o seu terreno de produções.;
PTBR113;expansion;expander;;Final;Simul;PP;Culm;Culm;A Cia Teatral Arte & Expressão Dionysious completou, em 27/11/15, três anos de existência, tendo alcançado a marca de 458 apresentações teatrais e o espetáculo Pluft o fantasminha, que teve 270 apresentações, com atuação, adaptação e direção de Adriano Cutrim.;
PTBR114;contrast;SYM;;Final;Simul;PP;Pro;Pro;Na perspectiva de mais longo prazo, todos os derivados de petróleo impactaram negativamente o índice, o contrário tendo acontecido com “ álcool etílico ( anidro ou hidratado ) ".;
PTBR115;expansion;expander;;Final;Ant;PIMP-Ind;St;Culm;Cláudia estava no cargo desde 04/04/16, tendo sido nomeada pela prefeita, agora afastada, Cláudia Oliveira, e sempre procurou manter presença discreta no rol de secretários, evitando até mesmo falar com a imprensa em momentos polêmicos como os dias que sucederam a operação da Polícia Federal que descobriu fraudes nas licitações de transporte escolar no município.;
PTBR116;expansion;expander;;Final;Simul;PP;CP;Culm;Segundo Mônica Paoletti, fundadora do projeto e coordenadora da equipe, ao todo, foram observadas 42 ocorrências reprodutivas, tendo havido a perda de apenas um ninho, devido à erosão do terreno.;
PTBR117;asynchrony;after;;Final;Post;Cond-C;CP;Culm;Mergulhadores teriam realizado o selamento do equipamento e do tanque de óleo, tendo um rebocador sido acionado para levar a draga a um local seguro.;
PTBR118;asynchrony;after;;Final;Post;PP;CP;CP;Durante as investigações, a Polícia Federal descobriu que o assalto foi organizado por um consórcio das facções criminosas MPA – Mercado do Povo Atitude e PCC – Primeiro Comando da Capital, já tendo sido identificados e localizados, com o apoio das Polícias Militares de São Paulo e da Bahia, alguns dos participantes daquela ação.;
PTBR119;expansion;expander;;Final;Ant;PP;St;Culm;Foi duas vezes vereador de Salvador, tendo sido eleito pela primeira vez em 1988.;
PTBR120;conjunction;SYM;;Final;Simul;PP;Pro;Pro;Do valor repassado, 540 mil reais foram pagos à empresa contratada, mas a perícia técnica apontou que os serviços efetivamente realizados correspondem a apenas 51 mil e, ainda assim, estes foram executados em desacordo com os projetos e as especificações técnicas aprovadas, tendo sido também empregado material de má qualidade.;
PTBR121;elaboration;specific;;Final;Simul;PP;Pro;Pro;Ele foi vítima de vários disparos de arma de fogo, tendo sido atingido principalmente na região do tórax e da cabeça.;
PTBR122;asynchrony;after;;Final;Post;PP;Culm;Culm;Ele morreu enforcado por uma mangueira amarrada no telhado, tendo sido encontrado caído de costas, com os pés sobre uma cadeira e as mãos por dentro da blusa.;
PTBR123;cause;reason;;Medial;Ant;PP;Culm;Pro;A iniciativa de formar o grupo partiu de Andreia Lima Tamikuã, mãe de um menino autista, que tendo visto o descaso e a falta de divulgação e informação sobre as pessoas com deficiência na cidade, resolveu arregaçar as mangas e tentar mudar a situação. “ As crianças, jovens e adultos de Cabrália precisam de uma educação de qualidade e inclusiva, de um atendimento mais humanizado na área de saúde, mais acessibilidade nos órgãos públicos, mais esportes inclusivos, mais divulgação e palestras educativas nas escolas sobre as deficiências, mais remédios ", diz.;
PTBR124;conjunction;SYM;;Final;Post;PP;Culm;Culm;Na semana passada, os edis aprovaram a proposta orçamentária enviada pelo Executivo, com uma previsão de gastos na ordem de R $ 345 milhões e percentual de remanejamento de 90 %, tendo rejeitado emenda dos vereadores Bené de Trancoso ( PMDB ) e Paulinho Toa Toa ( PTB ), que fixava o percentual em 50 %.;
PTBR125;cause;result;;Final;Post;PP;CP;St;Nascida antes de Woodstock, mas sem uma data precisa que se lhe possa atribuir, a Aldeia Hippie tornou-se uma referência global, tendo sido local de peregrinação de adeptos da cultura alternativa e recebido a visita de inúmeros personagens importantes da época, inclusive alguns que participaram de Woodstock.;
PTBR126;cause;result;;Final;Post;PP;CP;Pro;Nascida antes de Woodstock, mas sem uma data precisa que se lhe possa atribuir, a Aldeia Hippie tornou-se uma referência global, tendo sido local de peregrinação de adeptos da cultura alternativa e recebido a visita de inúmeros personagens importantes da época, inclusive alguns que participaram de Woodstock.;
PTBR127;cause;reason;;Initial;Ant;Pres-Ind;St;St;Tendo sido diferente na sua origem, é natural que a sua preservação também seja inovadora. É por isto que, como parte do programa de desenvolvimento turístico da Costa de Camaçari, a prefeitura local busca transformar a Aldeia Hippie em um “ museu vivo ", onde os visitantes possam conhecer a sua história por meio de modernos vídeos retrospectivos e interpretativos, mas também conviver com aqueles que, velhos e novos, preservando a filosofia, por lá habitam.;
PTBR128;cause;result;;Final;Simul;PPC-Ind;Pro;CP;Esse trabalho em torno da Cydia pomonella, coordenado pelo entomologista Adalécio Kovaleski, pesquisador da Embrapa Uva e Vinho ( RS ), vem sendo utilizado como referência por vários países. “ Frequentemente participo, a convite do Mapa, de discussões comerciais de importação de frutas hospedeiras e tenho auxiliado o ministério nas questões relativas ao Sistema de Mitigação de Risco para Cydia pomonella com a Argentina, tendo acompanhado seis missões visando a auditar o programa, entre outras atividades ", informa o pesquisador, que foi o responsável pelas primeiras capturas do inseto no país. ;
PTBR129;asynchrony;after;;Final;Post;PP;CP;CP;Ao menos nove imóveis, entre pousadas, bares e restaurantes, foram destruídos ou arrastados pela maré, tendo sido abandonados pelos proprietários.;
PTBR130;asynchrony;after;;Final;Post;PP;Culm;CP;O estudo indica que o pico de pessoas ocupadas no país ocorreu em 2015, com 92,6 milhões, tendo caído 1,5 % em 2016 e apresentado “ discreta " recuperação de 0,3 % em 2017.;
PTBR131;cause;reason;;Final;Simul;PP;St;CP;O total de compensações de despesas médicas na rede privada, indicador que reflete ferimentos e lesões temporárias, foi a única modalidade a registrar alta, tendo subido 8 %, de 38.863 para 42.028.;
PTBR132;cause;reason;;Final;Simul;PIMP-Ind;Pro;CP;A cebola vinha com fortes altas desde janeiro, tendo acumulado, até maio deste ano, na RM Salvador, um aumento de 159,34 %.;
PTBR133;concession;e-raiser;mesmo;Final;Ant;PP;Culm;Culm; O ministro Aroldo, conforme a investigação, interveio ao menos duas vezes nos processos - numa delas, pediu vista para protelar um julgamento, mesmo tendo se declarado impedido de atuar nele porque seu filho era o advogado da causa.;
PTBR134;concession;e-raiser;mesmo;Initial;Ant;PP;Pro;Culm;Ainda segundo o capitão, mesmo tendo recebido decisão favorável, alguns presos foram impedidos de deixar a unidade porque respondem a outros processos e têm mandados de prisão em diferentes comarcas.;
PTBR135;expansion;expander;;Final;Ant;Pres-Ind;St;Culm;Thiago é declaradamente eleitor de Bolsonaro, já tendo se posicionado em seu Instagram contra o PT.;
PTBR136;asynchrony;after;;Final;Post;PP;St;Culm;Foi integrante do grupo Fundo de Quintal e um de seus principais compositores e letristas, tendo abandonado o conjunto algum tempo depois para dedicar-se à carreira solo.;
PTBR137;asynchrony;after;;Final;Post;PP;Pro;Culm;Já Adriano, o outro comparsa, seguiu com a picape dos pastores para uma área rural para tentar esconder o veículo, tendo sido preso na manhã seguinte ao crime, e a picape, recuperada.;
PTBR138;asynchrony;after;;Final;Post;PP;Culm;Culm;Após a batida, Edmar e Fábio fugiram, tendo este sido localizado pela polícia momentos depois.;
PTBR139;expansion;expander;;Final;Ant;Pres-Ind;St;Culm;Hoje, Adriele é recordista brasileira nos 100m, 200m e 400m no atletismo, tendo conseguido medalha de ouro na Copa do Brasil deste ano.;
PTBR140;concession;e-raiser;mesmo;Initial;Ant;PP;CP;CP;Mas foi preciso fazer novas adaptações que adequassem o ambiente e a estrutura da hospedagem aos requisitos exigidos pela Norma. “ Mesmo o hotel já tendo sido construído considerando os aspectos naturais, ocorreram algumas mudanças significativas, como o sistema de ar-condicionado, que foi substituído por outro de menor consumo, a iluminação também foi trocado e instalados sensores de presença para economia de energia ", afirma Ramiro.;
PTBR141;concession;e-raiser;mesmo;Medial;Simul;PP;St;St;Poanka recorda ainda que o pai, mesmo tendo sido militar e vindo do interior de Goiás, sempre teve uma mente revolucionária. “ Ele nos criou para ter sempre girl power.;
PTBR142;asynchrony;after;;Final;Post;PP;Pro;CP;Também estudou a psicologia infantil e do comportamento, tendo ministrado 11 disciplinas em diferentes escolas do Rio e de Brasília.;
PTBR143;concession;e-raiser;mesmo;Initial;Ant;Pres-Ind;St;Culm;Mesmo tendo aceito o convite para comandar a pasta nesta terça-feira ( 13/11 ), Parente já projeta as prioridades para este período de transição.;
PTBR144;expansion;expander;;Final;Simul;PP;Pro;St;Dedicou os últimos oito anos à gestão pública, tendo sido Chefe Geral do Centro Nacional de Pesquisa de Hortaliças ( Brasília, DF ) entre 2008 e 2013. É atualmente Chefe do Departamento de Pesquisa e Desenvolvimento da Embrapa, Unidade responsável por gerenciar toda a programação de pesquisa e desenvolvimento da instituição.;
PTBR145;expansion;expander;;Final;Ant;PIMP-Ind;St;CP; Nascida no Complexo da Maré, era socióloga, com mestrado em Administração Pública pela Universidade Federal Fluminense ( UFF ), tendo feito dissertação sobre o funcionamento das Unidades de Polícia Pacificadoras ( UPPs ) nas favelas.;
PTBR146;elaboration;specific;;Final;Simul;Pres-Ind;St;Culm;A Takeda confirma que está em discussão com a CE em relação à futura e potencial sobreposição na área de doença intestinal inflamatória entre o Entyvio ( vedolizumab ), produto de marca da Takeda, e o composto SHP647 da Shire em fase de desenvolvimento, atualmente objeto de estudos clínicos de fase III, tendo proposto uma remediação de um potencial desinvestimento do SHP647 e certos direitos associados.;
PTBR147;cause;reason;;Final;Simul;PP;St;Culm;Sérgio Moro sempre se pautou pelo princípio da publicidade nas ações penais, tendo quebrado o sigilo nos processos ( das conversas telefônicas, das provas, das audiências ) do acusado Lula e de outros réus.;
PTBR148;asynchrony;after;;Final;Post;PIMP-Ind;St;CP;A moeda era cotada a R $ 4 na segunda-feira da semana passada, tendo recuado para R $ 3,88 no fechamento do pregão da quarta-feira.;
PTBR149;expansion;expander;;Final;Ant;Pres-Ind;St;St;O setor de serviços representa 61,69 % do Produto Interno Bruto do país, tendo sido um dos pilares da expansão da economia nos últimos anos, superior ao crescimento da indústria.;
PTBR150;concession;e-raiser;mesmo;Final;Ant;PMP;Culm;Culm;Quando o caso do médico veio à tona, foi levantada a suspeita de que ele tinha contraído a doença mesmo tendo sido vacinado.;
PTBR151;cause;reason;;Final;Ant;Pres-Ind;St;Culm;A Bridgestone é uma das empresas internacionais com maior tempo de atuação no Brasil, tendo iniciado suas operações no país em 1923.;
PTBR152;expansion;expander;;Initial;Ant;Pres-Ind;St;Pro;Balcão de negócios Afastado das funções no Exército no ano passado, após quase meio século nos quartéis e tendo comandado tropas no Amazonas e no Rio Grande do Sul, Mourão tem um histórico de retórica rebelde que terminou por abatê-lo na carreira quando, ainda fardado, falou demais e forçou o amigo comandante do Exército, general Eduardo Villas Bôas, a dispensá-lo da Secretaria de Economia e Finanças do Exército.;
PTBR153;cause;reason;;Final;Simul;PP;St;CP;Em relação à média nacional, a variação foi três vezes maior, tendo crescido 5,9 %, ante 1,8 % no Brasil ( veja quadro ).;
PTBR154;expansion;expander;;Final;Ant;Pres-Ind;St;Pro;Ele não abre mão de vestir calça jeans e tênis e preserva o estilo jovial, tendo ministrado palestras em algumas das melhores universidades do mundo, como as de Columbia e Harvard, nos Estados Unidos.;
PTBR155;cause;result;;Final;Simul;PP;Culm;CP;Como foi a votação Bolsonaro x Haddad no primeiro turno No primeiro turno, Bolsonaro obteve 46,03 % dos votos válidos ( 49,2 milhões de votos ), tendo saído vencedor em 16 Estados e no Distrito Federal.;
PTBR156;cause;result;;Final;Post;PP;Culm;Culm; No último mês de dezembro, um quiosque foi incendiado no Parque da Cidade, tendo comprometido o teto da estrutura com materiais estilísticos de madeira e sapê.;
PTBR157;concession;e-raiser;mesmo;Final;Ant;Pres-Ind;Culm;CP; O PSB manteve sua representação com Jakson Charles ( 1.541 votos ) que conquista novo mandato mesmo tendo reduzido sua votação em relação à eleição passada.;
PTBR158;concession;e-raiser;mesmo;Final;Ant;Pres-Ind;St;CP; No PSL, que dobrou bancada ( de 1 para 2 ), quem fica fora é Sargento Pereira Júnior, mesmo tendo aumentado sua votação de forma considerável: de 1.267 para 1.530 votos.;
PTBR159;cause;reason;;Final;Simul;PP;Pro;Pro;Se destacou na atuação como presidente da Associação dos Deficientes de Anápolis ( ADA ), tendo participado de inúmeras conquistas da entidade e seus associados.;
PTBR160;cause;reason;;Initial;Ant;ir(Fut)+INF-S;Pro;Culm;Com isto, tendo obtido votações expressivas, se aproximando do quociente, irão participar da distribuição das vagas remanescentes em igualdade de condições, possibilitando alcançar uma vaga na Câmara Municipal, Assembleia Legislativa ou Câmara dos Deputados.;
PTBR161;concession;e-raiser;mesmo;Final;Ant;Pres-Ind;St;Culm;Os problemas levantados pelos advogados foram a demora dos processos e dos atos jurídicos. “ Os colegas presentes levantaram casos de réus que continuam presos por pensão alimentícia, mesmo tendo pago o determinado ", explica Jorge Henrique.;
PTBR162;conjunction;SYM;;Final;Simul;PP;Pro;Pro;No Brasil estudou Belas-Artes e trabalhou como jornalista, tendo ainda traduzido importantes textos da Literatura italiana.;
PTBR163;conjunction;SYM;;Final;Simul;PP;St;Culm;Foi artilheiro em grandes clubes como Flamengo, Grêmio, Cruzeiro, tendo chegado à Seleção Brasileira.;
PTBR164;elaboration;specific;;Final;Simul;PP;Culm;Culm;Quando detectado o problema, já naquela época, foi firmado um termo de ajustamento de conduta ( TAC ) entre o MP e a empresa que executa as obras, a Loctec Engenharia, celebrado em agosto de 2015, tendo assumido a obrigação de elaborar um Plano de Recuperação de Área Degradada ( PRAD ), o qual deveria ser executado de acordo com o cronograma aprovado pela Secima.;
PTBR165;cause;reason;;Final;Ant;Pres-Ind;St;St;No acumulado do ano ( de janeiro a abril ), a balança já registra superávit de US $ 600 milhões, tendo sido US $ 1,7 bilhões exportados e US$1,1 bilhões importados.;
PTBR166;expansion;expander;;Final;Ant;PresPro-G;St;Culm;A sessão está sendo realizada no auditório do 2º Tribunal do Júri, que possui instalações com maior capacidade de acomodação, tendo começado às 8h50.;
PTBR167;cause;result;;Final;Post;Ger-S;Culm;Culm;Uma vez era o Chimbica, velho motorista da empresa com vários problemas; o Valdeci, negro intelectual, de óculos, magrinho, educado, que o servia no escritório; e uma bela senhora, muito nova que, numa das fazendas, tentou o suicídio, metendo um tiro de espingarda na boca tendo mutilado o seu rosto pondo à mostra a arcada dentária; seu Nelson e tantos outros funcionários do Sr. Pedro Paulo que — tenho certeza — nem ficava sabendo dessa assistência social que o Moacir Junqueira prestava sempre, tendo o Lar da Criança Humberto de Campos por hospedaria a esse pessoal todo.;
PTBR168;expansion;expander;;Final;Simul;PPC-Ind;St;Culm;Historicamente, o Brasil tem sempre figurado como parte do sistema interamericano, tendo se vinculado definitivamente à jurisdição da Corte no ano de 1998, na data em que a DUDH completaria 40 anos.;
PTBR169;expansion;expander;;Final;Simul;PP;St;St;O eucalipto sempre surge nas conversas em família, afinal o meu sogro dedicou sua vida profissional a esse gênero de mais de 700 espécies de árvores, tendo sido presidente do Instituto de Pesquisas e Estudos Florestais por mais de um mandato.;
PTBR170;cause;result;;Final;Post;INF-S;CP;Culm;O importante é que esta avaliação interna serviu para convencermos as delegações presentes na IPBES-6 da necessidade de uma avaliação externa por uma organização independente, tendo sido escolhido o International Council for Science/ICSU que acabou de se fundir com o International Social Science Council ( ISSC ).;
PTBR171;expansion;expander;;Final;Ant;Pres-Ind;St;CP;Carlos Alfredo Joly é formado em Ciências Biológicas pela USP ( 1976 ), mestrado em Biologia Vegetal pela Unicamp ( 1979 ), PhD em Ecofisiologia Vegetal pelo Botany Department – University of St. Andrews, Escócia/GB ( 1982 ) e pós-doc pela Universität Bern, Suíça ( 1994 ). É professor do Departamento de Botânica e atua nas áreas de ecofisiologia vegetal e conservação da biodiversidade, tendo publicado mais de uma centena de trabalhos em periódicos especializados, além de formar 26 mestres e 25 doutores.;
PTBR172;expansion;expander;;Final;Simul;PP;St;St;O próprio Antonio Candido, no prefácio citado, mencionou, como primeira referência, a História da Literatura Brasileira, de Romero, “ cuja lombada vermelha, na edição Garnier de 1902, foi bem cedo uma das minhas fascinações na estante de meu pai, tendo sido dos livros que mais consultei entre os dez e quinze anos, à busca de excertos, dados biográficos e os saborosos julgamentos do autor ".;
PTBR173;expansion;expander;;Final;Ant;Pres-Ind;St;Culm;Outro problema preocupante é o lixo, tendo havido um episódio recente em um dos municípios, que não possui áreas para novos aterros sanitários. “ Tentou-se um terreno em Cubatão, cujos vereadores protestaram.;
PTBR174;expansion;expander;;Final;Simul;PP;St;Pro;Foi como músico que acabou se firmando na sociedade pousoalegrense, tendo estabelecido bandas como a Jazz Rio Branco.;
PTBR175;expansion;expander;;Final;Simul;PP;St;Pro;Dos três, também foi o que teve um perfil mais elitizado, tendo trabalhado como delegado de polícia no município mineiro de Borda da Mata, antes de se estabelecer como alfaiate em Pouso Alegre.;
PTBR176;cause;reason;;Final;Ant;Pres-Ind;St;CP;Segundo Ana Benites, o centro de operações do Rio figura, atualmente, como um modelo bem-sucedido de smart city, tendo recebido diversas premiações internacionais.;
PTBR177;concession;e-raiser;mesmo;Initial;Ant;PP;Pro;Culm;Mesmo tendo voltado ao nome original, pouco tempo depois de extinta no governo Collor, o processo de desmonte foi acelerado. “ Com a extinção da primeira Funarte, em 1990, também foram fechadas as suas galerias: Macunaíma, Rodrigo Mello Franco de Andrade, Sérgio Milliet, e o Salão Nacional de Artes Plásticas, o que representa um descaso com as nossas tradicionais instituições e a saída do Estado como propositor principal na criação de políticas exemplares ".;
PTBR178;asynchrony;after;;Final;Post;PP;Culm;St;Em 29 de agosto de 1963 foi nomeado reitor da Unicamp pelo governador Adhemar de Barros, tendo permanecido no cargo até setembro de 1965.;
PTBR179;expansion;expander;;Final;Ant;Pres-Ind;St;CP;O Projeto Catarata comemora 15 anos no combate à cegueira, tendo realizado 5 milhões de consultas e 1 milhão de cirurgias.;
PTBR180;expansion;expander;;Final;Ant;Pres-Ind;St;Pro;Civis Paulo Guedes é carioca, tem 69 anos, é formado em economia pela Universidade Federal de Minas Gerais ( UFMG ) e com mestrado pela Universidade de Chicago. É conhecido no meio acadêmico, tendo lecionado na PUC-Rio e na Fundação Getúlio Vargas ( FGV ).;
PTBR181;expansion;expander;;Final;Ant;PP;Culm;CP;Com o sorteio, a CDL completou os 43 prêmios previstos para a campanha, já tendo sido sorteados 40 vales-compras e duas motos Honda.;
PTBR182;cause;reason;;Final;Simul;PIMP-Ind;Pro;CP;Cláudio realizava excelente trabalho à frente do CCAF, tendo recuperado o Centro, mantido ótimo relacionamento com a classe artística e respeitado o regulamento da Secult.;
PTBR183;cause;reason;;Final;Simul;PIMP-Ind;Pro;St;Cláudio realizava excelente trabalho à frente do CCAF, tendo recuperado o Centro, mantido ótimo relacionamento com a classe artística e respeitado o regulamento da Secult.;
PTBR184;cause;reason;;Final;Simul;PIMP-Ind;Pro;St;Cláudio realizava excelente trabalho à frente do CCAF, tendo recuperado o Centro, mantido ótimo relacionamento com a classe artística e respeitado o regulamento da Secult.;
PTBR185;cause;result;;Final;Post;PP;Culm;CP;O auditor que participou da operação esclareceu ainda que as habitações irregulares foram interditadas, tendo sido lavrados mais de 30 autos de infração.;
PTBR186;cause;reason;;Initial;Ant;PP;St;Culm;Apesar de todos os males que esse tal de Lula causou e causa à política brasileira ( quando ele estiver na cadeia esses males cessarão ), Lula é igualzinho a tantos outros políticos da nossa infeliz história política, ou melhor: tendo alcançado o poder, com a “ ajudinha " dos “ amigos ", “ governou " para os “ amigos ", os cúmplices, os afilhados e os “ apoiadores ", interessados numa “ teta " pública que possa lhes garantir polpudos rendimentos indevidos e graciosas mordomias, longe, claro, do alcance da Lei.;
PTBR187;cause;reason;;Final;Simul;PP;Pro;Culm;O treinador é bem cotado na CBF e sempre se notabilizou por bons trabalhos nas categorias de base, tendo sido campeão da Copa São Paulo de Futebol Júnior de 2008 pelo Figueirense e vencido as edições de 2009 e de 2011 da Taça BH pelo Atlético Mineiro.;
PTBR188;cause;reason;;Final;Simul;PP;Pro;Culm;O treinador é bem cotado na CBF e sempre se notabilizou por bons trabalhos nas categorias de base, tendo sido campeão da Copa São Paulo de Futebol Júnior de 2008 pelo Figueirense e vencido as edições de 2009 e de 2011 da Taça BH pelo Atlético Mineiro.;
PTBR189;concession;e-raiser;mesmo;Final;Ant;PP;St;Culm;Segundo o INSS, até o momento foram concedidas apenas 200 aposentadorias por Idade, urbanas, de forma automática e 300 segurados preferiram não dar andamento ao pedido mesmo tendo recebido o comunicado.;
PTBR190;cause;result;;Final;Simul;PPC-Ind;St;Pro;A médica conta que, felizmente, o brasileiro tem buscado um estilo de vida mais saudável, tendo crescido o número de pessoas que praticam a quantidade recomendada de atividade física semanal. “ Curiosamente, os homens ainda praticam mais atividade física que as mulheres.;
PTBR191;elaboration;specific;;Final;Simul;Ger-S;Pro;Culm;Os pilotos luiseduardenses representaram bem a cidade-sede pontuando entre as três primeiras colocações em oito das dez categorias disputadas tendo faturado a primeira colocação nas categorias Dianteira – Original, Super e Turbo – e Importados e pontuando entre os três primeiros nas categorias Força Livre, Traseira ( Original e Turbo ) e Drag Bike.;
PTBR192;asynchrony;before;;Final;Ant;PP;CP;Culm;PATRIMÔNIO A sede do Poder Executivo na Praça dos Três Poderes foi projetada ainda na primeira gestão do atual prefeito Oziel Oliveira, tendo sido abandonada pelo gestor anterior.;
PTBR193;expansion;expander;;Final;Ant;Pres-Ind;St;St;Esse programa é inédito em todo o Brasil, tendo sido o primeiro município na Bahia a efetivar a regularização e o segundo no Brasil.;
PTAO1;expansion;expander;;Final;Simul;GS;Culm;CP;1.      As tropas leais a Agostinho Neto, com o apoio de militares cubanos, acabaram por restabelecer a ordem e prenderam os revoltosos, seguindo-se, depois, o que ficou conhecido como purga, com a eliminação das fações, tendo sido mortas cerca de 30 mil pessoas, na maior parte, sem qualquer ligação a Nito Alves, tal como afirma a Amnistia Internacional ( AI ) em vários relatórios sobre o assunto.;
PTAO2;asynchrony;after;;Final;Post;PP;Culm;Culm;2.      Do que foi apurado até ao momento pelas autoridades de investigação angolana, há pelo menos uma vítima confirmada dessa burla, uma empresa local que celebrou um contrato de intenções para um projeto no domínio da atividade comercial, tendo pago metade dos 50 milhões de kwanzas ( 189.858 de euros ) solicitados para a parceria.;
PTAO3;exemplification;instance;;Final;Simul;Pres;St;Culm;3.      A PGR conta também com a cooperação internacional, que tem sido fundamental, segundo o magistrado, tendo exemplificado que, em 2017, registaram um total de 124 cartas rogatórias nos dois sentidos - recebidas e enviadas.;
PTAO4;asynchrony;after;;Final;Post;PP;Culm;Culm;4.      Um agente policial angolano matou a tiro um cidadão e feriu outro durante uma discussão junto a uma estação de serviço em Luanda, no domingo, tendo sido entretanto detido, segundo a Polícia Nacional, que confirmou hoje o incidente.;
PTAO5;asynchrony;after;;Final;Post;PP;Culm;CP;5.      Vitorino Reis, 26 anos, vigilante afecto a uma empresa de segurança, matou a tiro o proprietário da residência em que trabalhava, identificado por Dão Trungono, 30 anos, de nacionalidade vietnamita, tendo roubado a quantia de quatro milhões de kwanzas.;
PTAO6;cause;reason;;Final;Ant;PP;CP;Pro;6.      Angola, que foi o país com mais gastos militares na África subsaariana ( ASS ) em 2014, desceu no ano passado para a terceira posição, atrás do Sudão e da África do Sul, tendo sofrido o segundo maior corte na despesa entre 2014 e 2017 ( 61 % ).;
PTAO7;cause;result;;Final;Post;PP;Culm;CP;8.      Dr António Agostinho Neto sentiu o primeiro sintoma de bom augúrio para o futuro de Angola, tendo projectado uma fuga de Portugal à Angola, depois de ter sido vítima de perseguições e prisões pela PIDE, organismo português que era o viveiro da repreensão de nacionalistas e perseguição destes.;
PTAO8;expansion;expander;;Final;Ant;PP;Culm;St;9.      O histórico militante do MPLA morreu hoje numa clínica em Luanda, tendo sido um dos históricos nacionalistas angolanos que se manifestou contra a continuidade do ex-Presidente angolano José Eduardo dos Santos na liderança do partido no poder em Angola.;
PTAO9;asynchrony;before;;Final;Ant;PP;Culm;Culm;10.  Em comunicado emitido sobre a sua detenção, a PGR angolana indicou que Ismael Diogo foi detido por se ter furtado reiteradas vezes em comparecer na Direção Nacional de Investigação e Ação Penal da Procuradoria-Geral da República, tendo sido ordenada a sua detenção para responder em interrogatório de arguido.;
PTAO10;elaboration;specific;;Final;Simul;PP;Pro;CP;11.  O Banco Nacional de Angola ( BNA ) anunciou hoje que efetuou na quarta-feira uma sessão de venda de divisas em leilão aos bancos comerciais, tendo colocado 74,53 milhões de euros no mercado primário e levando a nova depreciação do kwanza.;
PTAO11;asynchrony;after;;Final;Post;PP;CP;Culm;12.  Dos 15 processos referenciados, José Clemente Cabinda salientou que dois foram introduzidos em juízos, tendo um deles sido já pronunciado, encontrando-se no Tribunal Supremo, e o outro aguarda a realização da instrução contraditória.;
PTAO12;asynchrony;after;;Final;Post;PP;Culm;Culm;13.  A congressista Elisabeth Esty manifestou satisfeita com as reformas em Angola, tendo considerado positivos os exemplos que vêem da actual liderança do país.;
PTAO13;concession;e-raiser;mesmo;Final;Simul;PP;Culm;St;14.  Se João Lourenço não se recorda é José Eduardo que o elegeu para o poder substituir, mesmo tendo sido um acto difícil no Buro - Político, José Eduardo dos Santos impôs aos seus que fossem aceitar Lourenço para o substituir, mas a aura que tomou a alma dos seus, era expressa na petulância de que Lourenço não fazia exemplo de um bom camarada, portanto não o queriam ter por perto.;
PTAO14;asynchrony;after;;Final;Post;PP;Culm;Culm;15.  Testemunhas dizem que ao acordar, pensando que o carro tinha sido roubado, o funcionário ligou para o chefe dos Transportes da Unitel, a informar o ocorrido, tendo apresentado queixa à PN.;
PTAO15;elaboration;specific;;Final;Simul;PP;Culm;CP;16.  A primeira vez que tal aconteceu foi nos leilões de 03 e de 05 deste mês, quando o BNA disponibilizou 100 milhões de euros, tendo colocado, no primeiro, 74,53 milhões de euros, e, no segundo, 55,55 milhões de euros.;
PTAO16;conjunction;null;;Final;Simul;INF-C;CP;CP;17.  A polícia angolana anunciou hoje ter encerrado 67 cooperativas ilegais de diamantes, tendo apreendido 26 mil pedras preciosas nas sete províncias de Angola em que está a realizar a Operação Transparência, iniciada a 25 de setembro.;
PTAO17;cause;result;;Final;Post;PP;CP;Culm;18.  E em consequência, adianta a nota, foram emitidos mandados de detenção aos arguidos, tendo sido detido António Moisés Calueio, então director provincial dos recursos humanos do Comando Provincial da Polícia Nacional, pelo crime de peculato, em concurso com os de furto doméstico e falsificação praticada pelo empregado público no exercício das suas funções.;
PTAO18;conjunction;null;;Final;Simul;PP;CP;CP;19.  As autoridades já encerraram 67 cooperativas que exerciam atividades de exploração ilegal de mineiros ( diamante ), bem como outras 227 casas de compra e venda das pedras preciosas, tendo ainda sido apreendidos 24.624 diamantes, avaliados em 8,95 milhões de dólares ( 76,5 milhões de euros ).;
PTAO19;asynchrony;after;;Final;Post;PP;Culm;Culm;20.  O facto correu quando o grupo de cinco elementos evadiu a residência fizeram refém uma família que foi submetida a agressões, tentativa de violação e outros maus tratos, tendo roubado cinco telemóveis e uma motorizada.;
PTAO20;asynchrony;after;;Final;Post;PP;Culm;CP;21.  A taxa de câmbio foi apurada depois da 56.ª sessão de venda de divisas em leilão aos bancos comerciais, em que o BNA disponibilizou 45 milhões de euros ao mercado primário, tendo sido colocados 37,666 milhões de euros ( 83,7 % ).;
PTAO21;asynchrony;after;;Final;Post;PP;Culm;Culm;22.  Em Luanda, a única urna, colocada na missão diplomática brasileira em Luanda, abriu às 08:00 e encerrou às 17:00, tendo o edital sido afixado pouco depois das 18:30 locais ( 17:00 em Lisboa ).;
PTAO22;asynchrony;after;;Final;Post;PP;Pro;Culm;23.  O antigo presidente do Fundo Soberano de Angola, José Filomeno dos Santos, foi ouvido nesta terça-feira, 30, no Tribunal Provincial de Luanda, tendo regressado à Cadeia de São Paulo, onde se encontra detido desde 24 de Setembro.;
PTAO23;asynchrony;after;;Final;Post;PP;Culm;Culm;24.  O Presidente angolano disse hoje, em Berlim, que estão a ser criadas “ todas as medidas legais, cambiais e migratórias para “ tornar mais atrativas as condições de investimento estrangeiro, tendo sugerido a criação de uma câmara de comércio com a Alemanha.;
PTAO24;asynchrony;after;;Final;Post;PP;Culm;CP;25.  Um incêndio de grandes proporções deflagrou ao início da tarde de hoje na zona de armazéns do Hoji Ya Henda, no município do Cazenga, em Luanda, tendo já sido controlado, anunciou o Serviço de Proteção Civil e Bombeiros.;
PTAO25;expansion;narrative;;Final;Simul;PIMP-Ind;Pro;Culm;26.  De acordo com um comunicado de imprensa do Comando Provincial da corporação, a que a Angop teve acesso, o assalto ocorreu quando o cidadão saia de uma dependência bancária, nas proximidades do Hotel Presidente, Rua Major Canhangulo, tendo sido abordado por três elementos a bordo de uma viatura e outros três numa motorizada, sob ameça de arma de fogo consumaram o ilícito.;
PTAO26;expansion;expander;;Final;Ant;Pres-Ind;Culm;St;27.  Jaques da Conceição chega do 1º de Agosto, clube que ajudou a conquistar o campeonato e a taça de Angola, tendo já representado o Galitos do Barreiro.;
PTAO27;asynchrony;after;;Final;Post;PP;Culm;Culm;28.  A adesão de Angola ao programa de assistência técnica foi pedida por Luanda em abril passado, durante as reuniões de Primavera das instituições de Bretton Woods, tendo ficado definida a realização de uma missão do FMI, que se encontra na capital angolana, permanecendo até 14 deste mês.;
PTAO28;asynchrony;after;;Final;Post;PP;St;CP;29.  Esta desvalorização, que foi mais acentuada em janeiro, tendo descido para fevereiro para um ritmo de quase 1 % por semana, foi confirmada pela Lusa com cálculos feitos a partir das taxas cambiais oficiais do Banco Nacional de Angola ( BNA ), de 01 de janeiro e de 01 de agosto.;
PTAO29;asynchrony;after;;Final;Post;PP;Culm;CP;O autor fez saber que a obra é resultado de um trabalho de monografia que apresentou em 2008, tendo explicado que a ideia surgiu quando estava a terminar o seu curso superior de Comunicação Social e viu-se “ obrigado " a retratar o percurso do cantor Bonga, artista que muito admira.;
PTAO30;expansion;expander;;Final;Ant;Pres-Ind;St;St;31.  O angolano Benedito Paulo Manuel, de 51 anos de idade, é funcionário sénior de Catoca, tendo ocupado cargos de chefe de sector de formação, de gabinete de programação e director geral adjunto para área social, respectivamente.;
PTAO31;expansion;expander;;Final;Post;PP;Culm;St;32.  O primeiro, por sua vez, levou o caso a tribunal, para dirimir a disputa, tendo a sentença sido a favor do novo “ homem forte " do Comando Geral da Polícia.;
PTAO32;asynchrony;after;;Final;Post;PP;Culm;Culm;33.  Tomás Gabriel, que falava numa ação de formação sobre as principais irregularidades na Administração pública angolana, acrescentou que, há quatro anos, o Governo adiantou às empresas contratadas a verba inicial de 230 mil euros para se avançar com a obra, tendo descoberto, há duas semanas, que nada foi feito.;
PTAO33;elaboration;specific;;Final;Simul;PP;Pro;Culm;34.  Rosa Bessa salientou que o administrador de Cacuaco, recentemente nomeado, também participou na reunião, tendo manifestado o seu empenho para que se consiga cortar a cadeia de transmissão.;
PTAO34;asynchrony;after;;Final;Post;PP;Culm;Culm;35.  O guarda disparou contra o patrão, tendo atingido a região do abdómen, causando morte imediata.;
PTAO35;cause;reason;;Final;Ant;Pres-Ind;St;CP;36.  Após o anúncio do regresso às concessões em 2014, que não se materializou, o gigante do setor diamantífero mantém uma presença residual em Angola, tendo reduzido o número de funcionários a 15 colaboradores, dos 280 com que contava em 2012.;
PTAO36;asynchrony;after;;Final;Post;PP;Culm;Culm;37.  Já a ministra do Ensino Superior, Ciência, Tecnologia e Inovação, Maria do Rosário Sambo, considerou legítimas as preocupações dos estudantes, tendo apontado medidas práticas para inverter a situação.;
PTAO37;elaboration;specific;;Final;Simul;PP;Pro;Culm;38.  O vice-presidente da CASA-CE, Lindo Tito, pronunciou-se no mesmo tom, tendo apelado a uma maior intervenção da Comunidade Económica dos Estados da África Central ( CEEAC ) nos esforços de estabilidade regional, de forma a garantir-se a livre circulação de pessoas e bens e o consequente desenvolvimento económico.;
PTAO38;asynchrony;after;;Final;Post;PP;Culm;Pro;39.  Como resultado do acidente, o artista fracturou os dois membros superiores e um inferior, tendo sido submetido a intervenção cirúrgica no Hospital Geral de Luanda, e posteriormente transferido para o Hospital Josina Machel onde recebeu um tratamento mais especializado.;
PTAO39;asynchrony;after;;Final;Post;Pres-Ind;St;Culm;40.  Explicou que a sua última tentativa data de uma iniciativa em mandar cerca de mil fiéis para congregarem em comunhão no dia 8 de Agosto do ano em curso na paróquia do Bairro Popular, tendo sido rejeitada pela direcção dos 12 Velhos.;
PTAO40;asynchrony;after;;Final;Post;PP;Culm;Culm;41.  Acto contínuo, arrombou o cofre e roubou os valores monetários e pôs-se em fuga, tendo sido mais tarde capturado pelas forças da ordem.;
PTAO41;expansion;expander;;Final;Simul;PP;CP;Culm;42.  A solicitação do Governo angolano enquadra-se na visita de trabalho a Angola, que a missão do corpo técnico do Fundo Monetário Internacional ( FMI ) efectuou de 1 a 14 deste mês ( Agosto ), tendo sido convidado a visitar novamente Angola em Outubro de 2018, a fim de dar início às negociações ao abrigo de um Programa de Financiamento Ampliado ( EFF – Extended Fund Facility ) de dois anos, e que pode ser estendido em mais um ano, caso se mostre necessário.;
PTAO42;asynchrony;after;;Final;Post;PP;Culm;Culm;43.  A 17 deste mês, em declarações ao jornal angolano Valor Económico, também a empresária angolana Isabel dos Santos confirmou a ordem do Presidente de Angola, João Lourenço, para a saída da ENDE da Efacec, tendo garantido que, durante ao tempo em que liderou a empresa estatal, nunca utilizou fundos públicos na compra de ações na Efacec.;
PTAO43;asynchrony;after;;Final;Post;PP;Culm;Culm;44.  A Angop contactou o gerente regional do BCP desta região, a pronunciar-se sobre o assunto, tendo se recusado prestar qualquer declaração.;
PTAO44;asynchrony;after;;Final;Post;PP;Culm;Culm;45.  O embaixador de Angola na Alemanha, Alberto Correia Neto, acusou a “ entourage " do ex-Presidente da República, de o ter incentivado a expor os seus filhos, tendo apontado a empresária Isabel dos Santos como uma das pessoas que beneficiou de fundos do Estado.;
PTAO45;expansion;expander;;Final;Simul;PIMP-Ind;St;Culm;46.  Até agora, o lugar por inerência do MPLA era ocupado, na configuração de 2013 e atualizada em 2017, no quadro das eleições gerais de 2012, por João Lourenço, enquanto vice-presidente do partido, tendo sido entretanto eleito chefe de Estado.;
PTAO46;cause;result;;Final;Simul;PresPro;St;Culm;47.  A execução deste fundo, previsto na Lei de Bases das Instituições Financeiras de Angola ( lei 12/15 ), que entrou em vigor a 17 de junho de 2015, surge numa altura em que o Banco Angolano de Negócios e Comércio ( BANC ), privado, está a ser intervencionado pelo BNA, face à indisponibilidade dos atuais acionistas para realizar o obrigatório aumento de capital, tendo sido nomeados administradores provisórios.;
PTAO47;elaboration;specific;;Final;Simul;PIMP-Ind;Pro;Culm;48.  João Lourenço falava hoje, no Palácio Presidencial, em Luanda, depois de dar posse a 17 dos 20 membros do Conselho da República, em função da realização das eleições gerais angolanas de agosto, tendo sublinhado que só de bons conselhos saem boas decisões.;
PTAO48;asynchrony;after;;Final;Post;PP;Culm;Culm;49.  Como ilustração, em 2017 a Sogester apresentou receitas no valor de dois biliões e 133 milhões de kwanzas, tendo entregado ao Porto do Namibe a quantia de 213 milhões, equivalente a 10 por cento.;
PTAO49;asynchrony;after;;Final;Post;PP;Culm;Culm;50.  Justino Tchipango, de 32 anos, foi detido somente em outubro de 2017, tendo sido acusado de coautoria na morte dos nove oficiais da polícia angolana e de um homicídio qualificado, sob a forma frustrada, um crime de resistência e por último de dano material não previsto especificamente.;
PTAO50;asynchrony;after;;Final;Post;PP;Culm;Culm;1.      Apontou a necessidade da igreja ensinar a verdadeira sabedoria da vida e mostrar o caminho que conduz o cidadão à felicidade que o homem procura, tendo acrescentado que os fiéis católicos devem ter Jesus Cristo em todas as circunstâncias e situações da vida, para alcançar todos os desideratos.;
PTAO51;cause;reason;;Final;Ant;PP;Pro;Culm;2.      Apenas uma vintena de chefes de Estado ( sobre os 55 ) presenciou os seus trabalhos, o resto tendo mandado emissários.;
PTAO52;asynchrony;before;;Medial;Ant;PP;Culm;Pro;3.      No seu comunicado, a CEAST denunciou a presença em Angola do falso bispo católico que, tendo trabalhado em Cabo Verde, fugiu das autoridades cabo-verdianas, após a sua exposição pública.;
PTAO53;asynchrony;after;;Final;Post;PP;Culm;Culm;4.      Esta preocupação foi manifestada pelos bispos da CEAST no final da sua primeira assembleia plenária anual, tendo afirmado que muitas delas acomodadas nas plataformas criadas e cujas mensagens doutrinais constituem-se problemas da cultura nacional e da sociedade no seu todo.;
PTAO54;elaboration;specific;;Final;Simul;GS;Culm;Culm;5.      O núncio apostólico falou também sobre a resolução de conflitos familiares e comunitários, sublinhando que o caminho é a reconciliação, justiça e a paz, tendo apelado no sentido de todos os cidadãos servirem de agentes de reconciliação e da promoção da justiça e da paz.;
PTAO55;expansion;expander;;Final;Simul;PP;CP;CP;6.      Os Palancas Negras, que integram o grupo de Marrocos, África do Sul e Cabo Verde, cumpriram a sua primeira etapa de preparação no Lubango, tendo realizado três jogos amistosos, com Gâmbia ( 1-1 ), Camarões ( 1-0 ), Rwanda ( 1-0 ).;
PTAO56;expansion;expander;;Final;Simul;PP;Pro;Culm;7.      No atletismo, a federação angolana da modalidade fez disputar neste final de semana, na cidade do Lubango, o Campeonato Nacional Sénior em ambos os sexos, tendo sido consagrados os atletas Avelino Dumbo e Ernestina Paulino, ambos do Interclube da Huíla.;
PTAO57;expansion;expander;;Final;Simul;PP;St;Culm;8.      Também, se mostrou disposto em estancar os abusos dos agentes de trânsito na via, tendo Wanga acentuado a atenção contínua sobre esses pontos.;
PTAO58;asynchrony;after;;Final;Post;PP;CP;Culm;Estava assim e de forma tímida a começar o espectáculo, quando os apresentadores Mara Dalva e Ladislau Silva subiram em palco para saudar os presentes, tendo destacado a presença do chefe da Casa Civil do Presidente da República, Frederico Cardoso, da Ministra da Cultura, Carolina Cerqueira, da vice-presidente do MPLA, Luísa Damião.;
PTAO59;asynchrony;before;;Medial;Ant;PP;Culm;Pro;10.  Em 31 de janeiro de 1888, tendo se desgastado por amor a Deus e pela salvação das almas, ele partiu.;
PTAO60;asynchrony;after;;Final;Post;PP;Culm;St;11.  A cidade do Dundo foi fundada e construída pela antiga empresa DIAMANG, que tinha a concessão de exploração de diamantes na Lunda, tendo deixado de existir e sido substituida pela actual empresa Nacional de Diamantes, ENDIAMA.;
PTAO61;asynchrony;after;;Final;Post;PP;Culm;CP;12.  O administrador executivo da companhia pública angolana, Lourenço Neto, esclareceu que o avião avariado, um Boeing 777-300ER, registo D2-TEI, que tinha partido de São Paulo, no Brasil, pelas 22h00 locais de sábado, sofreu um “ falso alarme " de fogo no motor, tendo regressado à terra, neste caso para o aeroporto do Recife.;
PTAO62;asynchrony;after;;Final;Post;PP;Culm;Culm;13.  Contudo a imprensa brasileira cita fontes da Infraero, empresa pública concessionária da maioria dos aeroportos comerciais do Brasil, como tendo referido que foi o facto de terem saído labaredas da turbina que levou a tripulação a isolar o motor, tendo accionado o sistema de auto-extintor e bloqueado o acesso de combustível, o que significa que o avião aterrou com apenas um motor a funcionar, situação que não é normal, mas que é explicável e assumida por qualquer comandante quando há suspeitas de problema num motor.;
PTAO63;cause;result;;Final;Post;PP;Culm;St;14.  Nesta segunda feira, dia 13 de Outubro 2014 uma autocarro de passageiros capotou no mesmo troço, tendo dado 3 mortos na região de do Sumbe.;
PTAO64;asynchrony;before;;Final;Ant;PresPro;St;Pro;15.  Também ainda no quadro da organização, disse, “ estamos a acompanhar a situação no Sudão do Sul, tendo ocorrido aqui encontros com o Presidente do Sudão do Sul e o ministro das Relações Exteriores, que nos indicaram que o Governo estava empenhado em aplicar o acordo que foi alcançado ".;
PTAO65;expansion;expander;;Final;Ant;PIMP-Ind;St;Culm;16.  Afonso Van-Dúnem, de fortes e grandes convicções, contava 73 anos de idade, inteiramente dedicados a causa do Povo angolano, tendo ingressado nas fileiras do MPLA em 1961, aos 20 anos de idade.;
PTAO66;asynchrony;before;;Final;Ant;Pres-Ind;St;CP;17.  O navio Kerala, ao serviço da Sociedade Nacional de Combustíveis de Angola – Sonangol E.P, desviado alegadamente pela tripulação no dia 18 de Janeiro deste ano, de Luanda para a Nigéria, encontra-se já em território nacional, tendo sido recuperado este mês com pelo menos78 porcento da mercadoria que transportava, mas totalmente deteriorada.;
PTAO67;asynchrony;after;;Final;Post;PP;Culm;Culm;18.  A cimeira manifestou o seu apoio às conversações de Kampala entre o governo da RDCongo e o Movimento M23, tendo apelado às partes a concluirem o mais rapidamente possível o acordo de paz.;
PTAO68;expansion;expander;;Final;Ant;Pres-Ind;St;Culm;19.  É doutorado em direito Canónico tendo iniciado o serviço diplomático da Santa Sé no dia 1 de Julho de 1993.;
PTAO69;asynchrony;after;;Final;Post;PP;Culm;Culm;20.  Exortou aos crentes a se abster de função de mensageiros de más notícias, como a vingança e a discórdia, por não dignificar o caminho de Deus, tendo reafirmado o apelo ao compromisso dos cristãos com o fazer o bem e contribuir na construção de comunidades fortes que promovam a harmonia e trabalhem para a reconciliação nacional.;
PTAO70;asynchrony;after;;Final;Post;PP;Culm;CP;21.  Filomeno do Nascimento Vieira Dias, Arcebispo de Luanda e Presidente da CEAST saudou os presentes, tendo apresentado o quadro sócio-político e eclesial do País e traçado as metas e objectivos a atingir na presente plenária.;
PTAO71;synchrony;null;;Final;Simul;ir(Pres)+Ger;Pro;Pro;22.  Os vencedores vão remodelando as peças no tabuleiro, tendo alegrado desde já a comunidade católica, entre outras, pela seleção de algumas figuras.;
PTAO72;cause;reason;;Medial;Ant;Pres-Ind;St;Culm;23.  Este ambiente começa nas famílias verdadeiramente cristãs e evangelizadoras, com destaque para o papel de educadores na fé dos pais; empenha crianças e adultos na escola, onde a transmissão de conhecimentos científicos se enobrece com a formação humana e espiritual; empenha os próprios jovens que, tendo já encontrado Cristo, O apresentam e partilham com os demais coetâneos em lugares profissionais, de associativismo, de amizade, do desporto e da música, do exercício da política e da cidadania, etc.;
PTAO73;asynchrony;after;;Final;Post;PP;Culm;Culm;24.  O prelado fez esse apelo quando celebrava a missa do 50º aniversário da Santa Teresinha do Menino Jesus padroeira da Missão católica do município de Mucari, tendo considerado ser necessário os crentes dar graças à Deus pela eucaristia e por todos os bens recebidos, fazendo jus a espiritualidade de Santa Teresinha que fazia dela uma mulher humilde, com aspiração de viver somente para Deus.;
PTAO74;expansion;expander;;Final;Simul;PIMP-Ind;St;St;25.  Referiu que Santa Teresa foi nomeada pelo Papa Pior XII como padroeira das Missões e grande impulsionadora da vida de clausura, da igreja e da vida missionária, quis ser missionaria mas encontrava-se na reclusão, tendo amado a Deus com toda a sua força, ajudando muitos missionários ao longo de toda a história com o seu amor fraterno e de irmandade.;
PTAO75;asynchrony;after;;Final;Post;PP;Culm;Culm;26.  O apelo foi feito pelo padre Henrique Kanumbwa Joaquim, durante uma missa dominical, tendo referido que o cristão deve procurar andar na justiça do Senhor todos os dias, para que o evangelho se estenda à todos e consequentemente a sociedade ter o cristão como um exemplo a seguir.;
PTAO76;asynchrony;after;;Final;Post;PP;Culm;Culm;27.  A informação foi prestada à imprensa pelo vigário geral da diocese de Ndalatando, padre Constantino Miguel, tendo esclarecido que para o presente ano a peregrinação deverá decorrer sob o lema “ Com Nossa Senhora das Vitórias sejamos assíduos na oração e na fracção do pão ", considerado um evento religioso que deverá reunir os fiéis em momentos de oração, meditação, partilha e reflexão da palavra de Deus.;
PTAO77;asynchrony;after;;Final;Post;PP;Culm;Culm;28.  O prelado fez ol apelo na sua homilia de abertura da 8ª edição da Peregrinação ao Santuário da Nossa Senhora da Vitória, situado naquele vilarejo, tendo salientado que a observância deste princípio responde aos desígnios de Deus, encarnados por via de Maria, mãe de Jesus.;
PTAO78;asynchrony;after;;Final;Post;PP;CP;Culm;29.  Desde Março de 2014 que a Guiné-Conakry regista um surto epidémico da doença, que se expandiu para a Libéria e Serra Leoa, tendo atingido, mais recentemente, a Nigéria.;
PTAO79;cause;result;;Final;Post;PP;CP;Culm;30.  Em Setembro desse ano, foi a Roma prosseguir estudos filosóficos, tendo obtido o doutoramento em Filosofia em 2012.;
PTAO80;cause;reason;;Final;Ant;PP;Culm;Culm;A revista “ O Campeão dos Campeões " apresenta de forma caricaturada os 23 futebolistas seniores do Petro Atlético de Luanda, que conquistaram a Taça de Angola na época de 2017, ao vencer o seu 11.º troféu, tendo derrotado na final, por 2-1, o rival 1.º de Agosto, no Estádio 11 de No-vembro, na capital do país. ;
PTAO81;cause;result;;Final;Post;PP;Culm;Culm;32.  O carro era um trailer que transportava cimento e surpreendeu a procissão de costas tendo feito 5 vítimas com ferimentos leves.;
PTAO82;elaboration;specific;;Final;Simul;PP;CP;Culm;33.  A chefe de Estado remodelou o executivo, tendo designado Mahamat Kamoun, um muçulmano moderado para a chefia do Governo, em substituição de André Nzapayeké.;
PTAO83;elaboration;specific;;Final;Simul;PP;Pro;CP;34.  Em Angola participou do encontro dos bispos lusófonos ao lado de dom Pedro Zili, tendo partilhado os desafios pastorais do seu país.;
PTAO84;asynchrony;after;;Final;Post;PP;Culm;Culm;35.  Em em 1997 foi ordenado padre, tendo recebido o cargo de serviço como vice-reitor do Seminário Menor diocesano de Bissau.;
PTAO85;asynchrony;after;;Final;Post;PP;Culm;CP;36.  Pena, de 23 anos, natural do Cuando Cubango, ganhou notoriedade no mundo das artes marciais ao vencer em Setembro de 2011 o primeiro título na categoria “ peso pluma ", tendo defendido o título em cinco edições.;
PTAO86;asynchrony;after;;Final;Post;PP;Culm;St;37.  Nascido em Veneza ( Itália ), a 7 de Fevereiro de 1925, Dom Pedro Luís Scarpa foi ordenado sacerdote em Março de 1950, veio para Angola em 1960 e a seguir ordenado bispo, tendo desempenhado entre outras cargos, o de reitor do seminário menor dos frades Capuchinhos em Cangola ( Malanje ), de pároco da igreja de Fátima de Luanda onde foi também superior da ordem dos frades Capuchinhos em Angola durante nove anos, seguido da missão de bispo auxiliar de Luanda, de 1983 à 1990, entre outras.;
PTAO87;asynchrony;after;;Final;Post;PP;Culm;St;38.  Entrou ao serviço da diplomacia da Santa Sé em Julho de 1991, tendo já representado o Vaticano no Panamá, na República do Congo, no Paquistão, na Nova Zelândia e na Indonésia.;
PTAO88;cause;result;;Final;Simul;Pres-Ind;St;Culm;Com a maturidade que o festival alcançou com a 10ª edição, afirmou, a organização “ já pode investir em espectáculos de qualidade, que promovem também um intercâmbio entre os directores, tendo começado com o brasileiro Paulo de Moraes e agora o português Miguel Seabra ", sustenta Tânia Pires.;
PTAO89;cause;result;;Final;Post;PP;Culm;Culm;2.       Pela primeira vez, a produção global de energia passou a ser predominantemente hídrica, com 78 % do volume global, contra os 60 % que existiam antes de Agosto de 2017, tendo daí resultado uma poupança diária de combustível diesel de 669 mil litros, em média.;
PTAO90;cause;result;;Final;Simul;PP;Pro;CP;3.       Foi importante ter sido recordado aqui pelo Presidente do nosso Partido que o programa de reformas do anterior Governo, financiado pelo sector do petróleo, foi gravemente afectado pela quebra dos preços desse produto no mercado internacional, tendo baixado substancialmente as Reservas Internacionais Líquidas no primeiro semestre do corrente ano, situação que se arrastou até a tomada de posse do novo Executivo.;
PTAO91;expansion;expander;;Final;Simul;PP;Culm;St;4.       Perante a queda abrupta do seu preço, o Governo apresentou rapidamente à Assembleia Nacional, em Março do corrente ano, uma proposta de revisão do Orçamento Geral do Estado de 2015, tendo considerado 40 dólares como o preço de referência do barril de petróleo.;
PTAO92;elaboration;specific;;Final;Simul;PP;Pro;CP;5.       No que se refere à energia, foram realizadas acções de reabilitação e expansão das redes de distribuição nas principais cidades e municípios, tendo sido executadas 506 mil e 910 novas ligações.;
PTAO93;asynchrony;after;;Final;Post;PP;Culm;Culm;6.       Contraímos também créditos à China no valor de aproximadamente 6 mil milhões de dólares, destinados ao investimento público nos domínios da educação, saúde, água, energia eléctrica e estradas, tendo sido já aprovado pelo Executivo um Plano Operacional para assegurar a execução de projectos identificados em 2016 e 2017.;
PTAO94;exemplification;instance;;Final;Simul;PPC-Ind;Pro;Culm;7.       Angola tem vindo a reforçar as suas relações com a União Africana, o Banco Africano de Desenvolvimento e com as instituições de Bretton Woods, tendo aderido ao Fundo Africano de Desenvolvimento.;
PTAO95;expansion;expander;;Final;Simul;PPC-Ind;Pro;Pro;8.       Por outro lado, no corrente ano têm-se multiplicado focos de tensão e de ruptura em várias zonas do mundo, tendo surgido novos conflitos armados com forte impacto na nossa Região.;
PTAO96;cause;result;;Final;Post;PP;Pro;CP;9.       Trata-se de uma iniciativa de cariz económico e social, que está a engajar ex-militares e camponeses, cujo terreno de teste experimental foram as áreas de Muaco e Mussolongo que, dada a fertilidade dos seus solos e a retenção das águas das chuvas, foram trabalhadas em mais de cinco hectares, tendo sido colhidas na campanha 2015/2016 cerca de 3,5 toneladas de arroz.;
PTAO97;expansion;expander;;Final;Ant;Pres-Ind;St;Pro;10.   Esther Cárdenas, que substituiu a embaixadora Gizela Garcia Rivera, é jornalista de profissão, tendo trabalhado como repórter da Agência Latina Americana “ Prensa Latina ", por um período de dois anos.;
PTAO98;asynchrony;after;;Final;Post;PP;Culm;Pro;11.   Depois disso, na década de 1970, mudou-se para a diplomacia, tendo trabalhado no Ministério das Relações Exteriores de Cuba, onde ocupou o cargo de directora para a África, durante cinco anos.;
PTAO99;expansion;expander;;Final;Simul;PP;St;CP;12.   O primeiro convénio de cooperação entre ambos os países remonta de Fevereiro de 1976 e versou os sectores da saúde e da educação, tendo registado, até ao momento, a passagem de muitos profissionais cubanos do ramo em várias províncias de Angola.;
PTAO100;asynchrony;after;;Final;Post;PP;Culm;Culm;13.   O responsável referiu que o lema da rádio é “ reformar a nação e espalhar a santidade bíblica ", tendo deplorado o facto do sinal da Rádio Kairós limitar-se, actualmente, a capital do país e arredores.;
PTAO101;asynchrony;after;;Final;Post;PP;Pro;Pro;14.   Esta estratégia de vacinação foi utilizada para a erradicação da varíola na década de 1970, tendo também ajudado o surto de ébola na África Ocidental e actualmente utiliza-se para controlar a enfermidade na República Democrática do Congo.;
PTAO102;expansion;expander;;Final;Ant;PP;St;CP;15.   As eleições autárquicas de 10 de Outubro foram as quintas na história de Moçambique, tendo as primeiras sido realizadas em 1998, no âmbito da introdução do processo de descentralização política e administrativa no país.;
PTAO103;asynchrony;after;;Final;Post;Pres-Ind;Culm;Culm;16.   Diz um dos advogados, citado pela comunicação social, que a nomeação da filha do PR para aquelas funções, violou a Lei da Probidade Pública de 2010, tendo anunciado que iriam avançar com uma queixa ao procurador-geral da República.;
PTAO104;expansion;expander;;Final;Post;PP;Culm;Culm;17.   Construído numa área de nove mil metros quadrados, no bairro São João, o empreendimento comercial de grande superfície começou a ser construído em 2016, tendo custado 35 milhões de dólares norte americanos.;
PTAO105;asynchrony;after;;Final;Post;PP;Culm;CP;18.   Nesta perspectiva, segundo a ministra da Indústria, o Executivo assinou, em 2016, um contrato com uma empresa privada, encarregue pela plantação, tendo efectuado às primeiras experiências no ano da assinatura do contrato e que, nos dias de hoje, apresentam muito bons resultados.;
PTAO106;asynchrony;after;;Final;Post;PP;Culm;Culm;19.  Ainda no que se refere aos perigos do mundo virtual, o responsável informou que os jovens internautas e os do sexo feminino são as vítimas mais frequentes das redes, tendo aconselhado a absterem-se de uma excessiva exposição pública.;
PTAO107;asynchrony;after;;Final;Post;PP;Culm;Culm;20.   O director provincial do Uíge do Gabinete da Educação, Manuel Zangala, destacou a importância da realização do encontro para o enriquecimento do documento, tendo exortado a contribuição dos participantes no enriquecimento da proposta, com vista a melhoria do ensino e aprendizagem no país.;
PTAO108;asynchrony;after;;Final;Post;PP;Culm;Culm;21.   O facto foi revelado pelo decano da faculdade de direito da UAN, André Victor, durante o workshop sobre Estratégia Marítima Nacional, que decorreu de 15 a 16 deste mês, em Luanda, tendo destacado o papel que a Universidade Agostinho Neto tem desempenhado no tratamento de questões relacionadas com o Direito do Mar.;
PTAO109;cause;result;;Final;Post;INF-C;Culm;Culm;22.   Kiev - A activista ucraniana anti-corrupção Kateryna Handziuk morreu hoje, três meses depois de ser atacada com ácido sulfúrico, tendo sofrido queimaduras em quase 40 por cento do seu corpo, noticiou a imprensa local.;
PTAO110;elaboration;specific;;Final;Simul;PIMP-Ind;Pro;Culm;23.   O procurador-geral venezuelano falava numa conferência de imprensa em Caracas, na sede do Ministério Público, tendo precisado que estão em curso 64 investigações contra funcionários militares e policiais, que levaram à formação de uma acusação contra 65 elementos das forças de segurança.;
PTAO111;asynchrony;after;;Final;Post;PP;Pro;Culm;24.   Durante o encontro, Ângelo da Veiga Tavares explicou pormenorizadamente os propósitos da acção das autoridades angolanas, tendo considerado completamente falsos e tendenciosos os vídeos descontextualizados veiculados, cujo conteúdo põe em causa a imagem de Angola.;
PTAO112;asynchrony;after;;Final;Post;PP;Culm;Culm;25.   Realçou que a exploração ilegal de diamantes esta a fazer com que se registe em Angola a fuga ao fisco, tendo prometido continuar a trabalhar no sentido de devolver a tranquilidade aos cidadãos e combater todos aqueles que tentam denegrir a imagem do país e sabotar os recursos minerais.;
PTAO113;conjunction;null;;Final;Simul;PP;CP;CP;26.   Sobre aos actos migratórios com relação a emissão de passaportes, passes de travessia e salvo-condutos foram receCPionados quatro mil 663 documentos, tendo sido emitidos mil e 338.;
PTAO114;synchrony;null;;Final;Simul;PP;CP;Pro;27.   João Lourenço percorreu as áreas de marcenaria, soldadura, refrigeração, corte/costura e mecânica auto, tendo conversado com os formandos e formadores.;
PTAO115;asynchrony;after;;Final;Post;PP;Culm;Culm;28.   O líder juvenil do maior partido da oposição em Angola teceu estas palavras após a sua eleição, tendo ressaltado que se pretende transformar a Jura em um verdadeiro instrumento de luta, para materializar os objectivos traçados pela direcção da Unita.;
PTAO116;asynchrony;after;;Final;Post;PP;Culm;Culm;29.   A informação foi avançada nesta quarta-feira pelo porta-voz do Serviço de Migração e Estrangeiros ( SME ), Teodoro Camilo Sambinga, tendo afirmado que a Operação Transparência visa prevenção, combate à imigração ilegal e exploração ilícita de diamante, que decorre no município de Mavinga.;
PTAO117;asynchrony;after;;Final;Post;PP;CP;Culm;30.   O trabalho foi efectuado nas localidades de Bagani, Kapembe e rio Kúbia, arredores da vila do Mavinga, em que são apontadas como causas a permanência ilegal, falsificação de documento, associado ao crime de exploração ilícita de diamante, tendo sido encaminhados à Procuradoria-Geral da República, junto do SIC, para o devido tratamento.;
PTAO118;asynchrony;after;;Final;Post;PP;Culm;Culm;31.   Este facto foi dado a conhecer hoje, sexta-feira, pelo chefe da área técnica da administração municipal, Cláudio Valente, tendo dito que o projecto deveria ter sido materializado este ano, mas ficou para o próximo devido a falta de financiamento.;
PTAO119;synchrony;null;;Final;Simul;PP;St;Culm;32.   Os residentes da comuna mostraram-se contentes, tendo agradecido o esforço do governo na satisfação das necessidades do colectivo e em particular dos habitantes da Cerca.;
PTAO120;expansion;expander;;Final;Ant;Pres;St;CP;33.   Numa empreitada executada pela empresa Sinohidro, a obra comporta ainda, entre outras dependências, um laboratório de análise de qualidade, salas de captação e de tratamento e será sustentada por um gerador de 65 KVA, tendo garantido emprego directo a onze jovens.;
PTAO121;cause;reason;;Final;Simul;PPC-Ind;St;CP;34.   O segmento da industria cimenteiras, de acordo com o jornal, é o que mais se destaca, sendo que a produção tem estado a apresentar indicadores positivo, tendo atingido em 2014, mais de cinco milhões de tonelada.;
PTAO122;cause;reason;;Final;Ant;PP;Pro;Pro;35.   A Bacia de Retenção do Coelho tornou-se famosa quando, em Outubro de 2016, transbordou e criou constrangimentos sérios aos moradores do KM9 A, tendo inundado casas e escolas.;
PTAO123;cause;result;;Final;Simul;PIMP-Ind;St;Culm;36.   No ano em que as obras paralisaram, em 2014, devido a crise financeira que o país atravessa, estimava-se que faltava somente 15 porcento de execução física, tendo sido fixado o mês de Julho de 2015 como data de inauguração.;
PTAO124;asynchrony;after;;Final;Post;PP;Culm;Culm;37.   Informou que a previsão era terminar a obra em Dezembro passado, mas tal não ocorreu por limitações financeiras por parte do Governo, tendo prometido que após a sua conclusão a CR20 vai fazer estar disponível por um período de três anos, para manutenção da estrada.;
PTAO125;asynchrony;after;;Final;Post;PP;Culm;Culm;38.   Por isso, sugeriu maior rigor neste domínio, no sentido de melhorar e garantir a preservação da qualidade das infra-estruturas do país, tendo recomendado, ainda, uma maior actuação do Instituto Regulador da Construção Civil e Obras Públicas, na denúncia dos equipamentos que entram no país com qualidade duvidosa.;
PTAO126;asynchrony;after;;Final;Post;PP;Culm;Culm;39.   No entanto, a fonte lamentou o facto de muitos pacientes portadores do Bacilo de Kock abandonarem o tratamento médico, sem a autorização das autoridades sanitárias locais, tendo garantido haver fármacos suficientes para o combate a enfermidade na região.;
PTAO127;asynchrony;after;;Final;Post;PP;Culm;Culm;40.   A informação foi avançada hoje, quarta-feira, à Angop, pelo secretário provincial da CVA, João Henda, tendo apontado que o objectivo é responder a solicitação nas unidades hospitalares locais ao longo de Dezembro.;
PTAO128;asynchrony;after;;Final;Post;PP;Culm;Culm;41.   A informação foi avançada pelo director clínico da unidade hospitalar, Augusto da Fonseca, tendo afirmado que o infausto deu-se pela manhã.;
PTAO129;cause;reason;;Final;Ant;PP;Culm;CP;42.   Uíge - Mil e 61 famílias de várias povoações do município de Kimbele ficaram sem abrigo, em consequência da chuva d nos últimos dias na região, tendo destruído 214 residências.;
PTAO130;asynchrony;after;;Final;Post;PP;Culm;Culm;43.   A informação foi avançada hoje, terça-feira, no Lubango, pelo chefe de departamento do serviço provincial de identificação na Huíla, Custódio Singue, tendo salientado que a meta é atingir mais de 700 BI até ao último sábado do mês em curso.;
PTAO131;cause;result;;Final;Post;PP;Pro;Culm;44.   Durante a semana, o Ministério da Juventude e Desportos realizou o seu conselho consultivo, onde analisou as actividades desenvolvidas durante o ano transacto e as do primeiro semestre do ano em curso, tendo concluído na necessidade de maior extensão das acções e projectos de âmbito nacional.;
PTAO132;expansion;expander;;Final;Simul;PP;CP;CP;45.   Saurimo - Quarenta e cinco empresas inscreveram-se no Instituto Nacional da Segurança Social ( INSS ) na Lunda Sul, tendo assegurado 687 trabalhadores, informou hoje, sexta-feira, em Saurimo, o responsável da instituição, Domingos Francisco Casimiro.;
PTAO133;asynchrony;after;;Final;Post;PP;Culm;Culm;46.   A informação foi avançada hoje, terça-feira, à Angop, pelo porta-voz do Comando Provincial da Polícia Nacional na Huíla, inspector-chefe, Luís Filipe Zilungo, tendo adiantado que o facto ocorreu pelas sete horas da manhã, na comuna do Dongo, e o suposto autor do roubo, que diz ser camponês, já se encontra detido.;
PTAO134;cause;result;;Final;Post;PP;St;CP;47.   Os desastres consubstanciaram-se em 86 atropelamentos, 64 despistes, 53 colisões entre veículos automóveis, 48 colisões entre carros e motorizadas, 30 capotamentos,16 colisões entre motociclos e 14 choques entre veículos e obstáculos fixos, tendo causado danos materiais avaliados em 220 milhões, 943 mil e 700 kwanzas.;
PTAO135;cause;result;;Final;Post;PP;Culm;Culm;48.   O município dispõe apenas de dois magistrados, número que considerou de irrisório, tendo apontado a necessidade de mais dois.;
PTAO136;asynchrony;after;;Final;Post;PP;Culm;Culm;49.   O menor, que tem dois irmãos, nasceu com deficiência nos membros inferiores, tendo sido abandonado pelo pai depois.;
PTAO137;expansion;expander;;Final;Ant;Pres-Ind;St;Culm;50.   Natural do Bailundo, Justino Handanga é uma das grandes referências musicais do planalto central, tendo surgido no mercado discográfico com o álbum “ Alvo atingido ".;
PTAO138;expansion;expander;;Final;Ant;Pres-Ind;St;Culm;Sedeada em Berlim ( Alemanha ), actua em mais de 100 países e lidera a luta contra a corrupção, tendo começado a publicar o Índice em 1995.;
PTAO139;asynchrony;after;;Final;Post;PP;Pro;Culm;De 1993 a 1995 orientou a selecção francesa, tendo regressado em 2008.;
PTAO140;cause;reason;;Final;Ant;Pres-Ind;St;Culm;E é também um momento de responsabilidade acrescida para as actuais autoridades angolanas, tendo o país sido eleito em outubro como membro do Conselho de Direitos Humanos das Nações Unidas ( CDHONU ) para o triénio de 2018-2020.;
PTAO141;expansion;expander;;Final;Ant;PIMP-Conj;Culm;Pro;Se o Conselho de Segurança capitulasse à pressão anglo-americana para apoiar a guerra, com base em acusações forjadas de ataques terroristas tendo fabricado provas de armas de destruição em massa, a ONU teria sofrido um dano mais grave e mais duradouro.;
PTAO142;synchrony;null;;Final;Simul;PP;Culm;St;Personagem muito discreta, José Mena Abrantes tem-se repartido, ao longo dos anos, como dramaturgo e encenador do grupo Elinga Teatro com funções exercidas na presidência angolana onde, no consulado de José Eduardo dos Santos, assumiu o cargo de assessor para os assuntos de Imprensa, tendo sido igualmente o redactor principal dos discursos do Presidente da República.;
PTAO143;cause;reason;;Final;Simul;PP;St;Pro;AC - Escolhi este caso porque foi um dos mais mediáticos, tendo mobilizado várias pessoas e instituições, desde a política à polícia, a justiça e direito, lei costumeira e poder tradicional e a comunicação social.;
PTAO144;concession;e-raiser;mesmo;Initial;Simul;PP;St;Pro;Mesmo tendo visto a sua situação financeira minguar substancialmente depois do final da guerra civil lhe ter cortado o acesso aos diamantes, que era a sua principal fonte de receitas, o galo negro continuou a dispor de alguma folga material e financeira.;
PTAO145;exemplification;instance;;Final;Simul;PP;St;St;Actualmente já aposentado, Luís Filipe Sousa Colaço foi, durante os anos que se seguiram à independência de Angola, até à primeira década da actual centúria, uma das principais autoridades do país em assuntos ligados à Política de População, tendo sido o director do Instituto Nacional de Estatística, e coordenador geral da Unidade de População e Desenvolvimento no quadro da cooperação entre Angola e o FNUAP-Nações Unidas.;
PTAO146;cause;reason;;Final;Simul;PIMP-Ind;St;St;De resto, já era uma peça-forte no puzzle diplomático do país, tendo sido por anos a fio uma eminência parda que articulava, em dossiês específicos de política externa, o Ministério das Relações Exteriores e José Eduardo dos Santos, que na qualidade de Chefe de Estado e por força da Constituição tinha a área diplomática sob sua reserva.;
PTAO147;asynchrony;after;;Final;Post;PP;Culm;CP;Visitou, igualmente, as ditas capitais de decisão, entre elas Berlim, Paris, Bruxelas e Estrasburgo, onde foi convidado a discursar no Parlamento Europeu, tendo mostrado a nova face de Angola aos parlamentares da Europa.;
PTAO148;asynchrony;after;;Final;Post;Pres-Ind;Culm;Culm;Em 2012, com a vitória do MPLA nas eleições legislativas, é eleita deputada à Assembleia Nacional, tendo assumido o cargo de presidente do Grupo de Mulheres Parlamentares.;
PTAO149;asynchrony;after;;Final;Post;PP;St;Pro;Ombreava com Fátima Roque, a mulher do finado fundador do BANIF, bem como o falecido Marcos Samondo, economista de escola norte-americana especializado em econometria que foi durante muitos anos representante oficioso do Galo Negro junto das instituições da ONU em Nova Iorque, tendo também chegado a exercer em Angola o cargo de ministro da Geologia e Minas no antigo GURN, Governo de Unidade e Reconciliação Nacional.;
PTAO150;asynchrony;after;;Final;Post;PP;Culm;Pro;Luísa Pedro Francisco Damião Naturalidade: Malanje Data de nascimento: 31 de Agosto de 1963 Profissão: Jornalista Percurso profissional: Muito cedo começou a sua carreira política, tendo passado pela JMPLA, OMA e pelo secretariado do Bureau Político do MPLA.;
PTAO151;cause;reason;;Final;Simul;PP;Pro;Culm;Esqueceu-se, rapidamente, que tinha sido um pouco por condescendência de JES que se deu a sua meteórica carreira como “ aparatchik " do partido, tendo saído da obscura posição de secretário para a informação e se tornou no relativamente influente SG, passando por concorrentes que estavam nitidamente melhor posicionados na lista de espera para esse cargo.;
PTAO152;expansion;expander;;Final;Ant;Pres-Ind;St;Culm;Além de cantor, Paulo Matomina é guitarrista e compositor, tendo iniciado a carreira de músico profissional em 2005, ao emprestar o seu talento à BBC de Londres e ao UNICEF, na campanha de luta contra o Vírus de Imunodeficiência Humana.;
PTAO153;asynchrony;after;;Final;Post;PP;Culm;Culm;Criticou, nesse capítulo do incentivo ao empresariado, que as escassas divisas disponíveis beneficiem apenas um grupo reduzido de empresas, tendo exigido que elas “ passem a beneficiar os grandes importadores de bens de consumo e de matérias-primas e equipamentos que garantam o fomento da produção nacional ".;
PTAO154;cause;result;;Final;Post;PP;CP;Culm;A apresentação foi feita pelo Dr. Alves da Rocha, Director do CEIC, tendo provocado uma enorme preocupação face à confirmação do agravamento da situação financeira do país, que não permite fazer um prognóstico optimista até 2021, com a certeza reiterada da falta estrutural de divisas, exíguas receitas fiscais, aumento da dívida pública, medíocre crescimento do PIB, falência de muitas empresas pela incapacidade de importar, incremento do desemprego e uma taxa de inflação que se manterá nos dois dígitos.;
PTAO155;asynchrony;before;;Initial;Ant;PP;Culm;Culm;Uma vez, contou ele, tendo falecido um irmão mais novo, após o velório, a caminho de casa, no carro em que se encontravam os demais irmãos, os pais, a mãe e as tias, num clima de dor profunda, em que as mulheres choravam copiosamente, a certa altura do caminho o carro parou, pois as mulheres queriam ir à casa de banho.;
PTAO156;expansion;expander;;Final;Ant;Pres-Ind;St;St;Esse projeto, aliás, há muito está elaborado, tendo sido uma das peças aditas à candidatura apresentada à UNESCO.;
PTAO157;asynchrony;after;;Final;Post;PP;CP;Pro;Nely Lucas interpretou o tema “ Ser Criança ", música que retrata histórias do passado na infância, tendo sido bastante ovacionado pela plateia e convencido o júri.;
PTAO158;asynchrony;after;;Final;Post;PP;Culm;Culm;Matias Damásio pediu desculpas ao público, tendo lamentado que fosse prejudicado injustamente.;
PTAO159;cause;result;;Final;Post;PP;Culm;Culm;No VI Congresso Extraordinário do MPLA, João Lourenço identificou-se como o quinto presidente do partido, tendo aberto uma discussão à volta da verdadeira história do MPLA.;
PTAO160;exemplification;instance;;Final;Simul;PP;Culm;Culm;Irene Neto já publicamente apresentou contestação da sua família à forma como alguns investigadores da História de Angola analisam o papel de Agostinho Neto na vaga de repressão ao movimento de 27 de Maio de 1977, tendo inclusive intentado uma acção judicial contra a já falecida historiadora Dalila Cabrita.;
PTAO161;asynchrony;after;;Final;Post;PP;Culm;Culm;Já ferido, com uma bala no braço, foi levado pelo Ti Vasco, enfermeiro do Hospital de São Paulo, para tratamento, tendo voltado vivo, mas sem um braço.;
PTAO162;cause;reason;;Initial;Ant;PP;Culm;Culm;A verdade é que a partir daí o nosso homem nunca mais parou e, tendo caído nas graças do “ camarada Presidente ", instalou-se no Comércio.;
PTAO163;expansion;expander;;Final;Simul;Pres-Ind;St;Pro;Isso terá contribuído para a nomeação de Pacavira como Representante de Angola junto da ONU ( 1988-1991 ), onde faz o papel de Embaixador de Bons-Ofícios junto das Instituições do Estado americano, tendo aberto caminhos para o posterior reconhecimento de Angola pelos Estados Unidos da América.;
PTAO164;expansion;expander;;Final;Ant;Pres-Ind;St;Culm;Sexto livro do género escrito pelo autor, “ Os Marginais e Outros Originais é uma obra que junta sete contos, sendo que parte dos mesmos refere-se a uma súmula das três décadas e meia de independência nacional, tendo sido acabado em 2010.;
PTAO165;asynchrony;after;;Final;Post;PP;Culm;Culm;Valter Filipe comunicou a José Eduardo dos Santos este pedido, tendo obtido deste, luz verde à realização da transferência, operação que o Departamento de Operações Bancárias do BNA efectuou e Valter Filipe remeteu ao Presidente o respectivo comprovativo.;
PTAO166;expansion;expander;;Final;Simul;PP;St;Pro;Sobre a transferência efectuada já depois de exonerado o Conselho de Administração que presidia, no valor de 38,1 milhões, Isabel dos Santos lembrou no seu comunicado que a Matter, a quem se destinou o pagamento, foi a gestora transversal de todo o projecto de reestruturação da Sonangol que ela foi chamada a conduzir, tendo coordenado diversos programas de consultoria prestados no âmbito da reestruturação com vista a optimizar custos, prestações e resultados da consultoria.;
PTAO167;expansion;expander;;Final;Simul;INF-S;Pro;Culm;O rosto mais visível no MPLA de hoje, refiro-me ao seu porta-voz, já apareceu em público a argumentar que o contexto em que tal riqueza foi acumulada e expatriada devia ser bem explicado tendo recorrido, para tanto, à guerra como uma das razões possíveis.;
PTAO168;asynchrony;after;;Final;Post;PP;St;CP;Permaneceu no país até 1978, tendo depois mudado para Portugal onde concluiu a licenciatura em medicina.;
PTAO169;asynchrony;after;;Final;Post;PP;CP;Culm;Em 2010, disputou honrosamente a final do Mundial de clubes da FIFA, com o Inter de Milão de Itália, vencedor da Liga dos Clubes Campeões Europeus em futebol, tendo sido derrotado por ( 3-0 ).;
PTAO170;asynchrony;after;;Final;Post;PP;Culm;Culm;1.       O Bureau Político do MPLA analisou hoje um diagnóstico sobre o sector da Saúde e manifestou a sua preocupação face à greve dos médicos, iniciada segunda-feira, tendo apelado ao respeito pela lei.;
PTAO171;expansion;expander;;Final;Ant;INF-S;Culm;CP;O músico Nely Lucas, de 32 anos, vai representar a província do Uíge, na fase nacional do concurso de música popular angolana ( Variante ), edição 2018, a decorrer em Luanda, no próximo mês de Dezembro, ao vencer quinta-feira, no cine Ginásio, a fase provincial, com 45,6 pontos, tendo superado os outros 20 concorrentes.;
PTAO172;elaboration;specific;;Final;Simul;PP;Pro;Culm;3.       Fernando Manuel dissertou o tema “ África e os desafios do século XXI, tendo começado com uma visão geral da história do Golfo da Guiné e sua importância política e económica, bem como das origens da União Africana e sua semelhança com a União Europeia.;
PTAO173;expansion;expander;;Final;Simul;PP;Pro;Culm;4.       Na quarta-feira, antes do início dos trabalhos, a delegação angolana tomou parte de uma reunião de concertação de posições dos ministros da SADC, tendo a Namíbia sido indicada para porta-voz no conselho, na qualidade de presidente da zona austral.;
PTAO174;expansion;expander;;Final;Ant;Pres-Ind;St;CP;Teixeira Cândido dá sempre ênfase à necessidade de me-lhoria das condições sociais dos jornalistas, tendo inclusive feito do assunto a sua “ bandeira eleitoral ".;
PTAO175;asynchrony;after;;Final;Post;PP;Culm;Culm;6.       Na abertura da conferência, o reitor da ULA, Mário Pinto de Andrade, afirmou que o acto servia para homenagear todos os que lutaram para a dignidade dos povos africanos, tendo apontado figuras como Nkwame Nkruma, Jomo Keniata, Agostinho Neto, José Eduardo dos Santos e Nelson Mandela.;
PTAO176;asynchrony;after;;Final;Post;PP;Culm;Culm;7.       Com uma capacidade para 37 reclusos, a cadeia de Menongue alberga hoje 377 pessoas. “ A unidade não é apropriada, porque é antiga e o espaço é muito pequeno ", disse Bento Bembe, tendo defendido a necessidade de se alargar o estabelecimento prisional.;
PTAO177;asynchrony;after;;Final;Post;PP;Culm;Culm;8.       Na última reunião ordinária, o Comité Central do MPLA aprovou as linhas mestras para a realização do 6º Congresso Ordinário, tendo recomendado às estruturas intermédias a realização de assembleias e conferências e a análise da vida interna do partido.;
PTAO178;asynchrony;after;;Final;Post;PP;Culm;Culm;9.       À saída do gabinete do Primeiro-Ministro, o diplomata americano disse, à imprensa, que foram discutidos alguns aspectos que têm a ver com a cooperação entre os dois países, tendo destacado o programa dos Estados Unidos que visa formar voluntários americanos para ensinarem a língua inglesa em Angola. “ Estamos a aguardar a resposta do Governo angolano, que deve dizer se concorda ou não com este programa ", indicou o diplomata.;
PTAO179;elaboration;specific;;Final;Simul;PP;CP;CP;10.   O Bureau Político do MPLA realizou, ontem, em Luanda, a sua primeira reunião extraordinária, sob direcção de José Eduardo dos Santos, tendo feito a primeira leitura da proposta do MPLA do anteprojecto de Constituição da República de Angola, para envio à Comissão Constitucional.;
PTAO180;asynchrony;after;;Final;Post;PP;Culm;Culm;11.   Francisco da Cruz destacou a cooperação existente entre Angola e Cuba, tendo sublinhado que a mesma assenta em relações históricas e fraternas que têm evoluído ao longo do tempo.;
PTAO181;asynchrony;after;;Final;Post;PP;CP;CP;Certamente que estarão lembrados do processo ligado ao “ Caso BNA ", no ano de 2009, em que foram criminalmente responsabilizados cidadãos nacionais, alguns deles funcionários públicos, que engendraram um esquema fraudulento, com recurso à falsificação de documentos do Ministério das Finanças, para o desvio de avultadas somas monetárias do BNA para contas particulares no país e no exterior de Angola ( Portugal e Reino Unido ), tendo sido recuperados, por acção da Procuradoria Geral da República no referido processo, vários milhões de dólares a favor do Estado Angolano. ;
PTAO182;asynchrony;after;;Final;Post;PP;Culm;Culm;13.   Nos encontros que manteve com populações de diversas localidades, o governante pediu vigilância redobrada para combater a caça furtiva no Parque Nacional do Iona, tendo apelado para o maior controlo e denúncia dos prevaricadores que ilegalmente entram pela Chibia ( Huíla ), Pediva ( Namibe ) e zonas fronteiriças da Namíbia, visando a detenção dos mesmos e adopção de medidas severas. “ Sejam vigilantes, não se deixem enganar por estranhos que invadem o nosso território e entram no parque para matar os nossos animais ", alertou.;
PTAO183;cause;result;;Final;Post;PP;Culm;Culm;14.   No dia seguinte, quando acordou, encontrou a mulher morta ao lado de si, tendo entrado em choque.;
PTAO184;asynchrony;after;;Final;Post;PP;Culm;Culm;15.   Em sua defesa, Gato negou qualquer acusação, considerando tais declarações injustas e caluniosas, tendo afirmado que, durante os seis anos que comandou os destinos da cooperativa, tudo fez para a legalização da mesma.;
PTAO185;expansion;expander;;Final;Simul;PP;CP;Pro;Em sentido inverso, as remessas dos angolanos a trabalhar em Portugal passaram de 13,4 milhões de euros, em 2010, para 11,73 milhões no ano passado, tendo registado uma tendência crescente até 2015, ano em que chegaram a quase 20 milhões de euros.;
PTAO186;asynchrony;after;;Final;Post;PP;Culm;Culm;17.   Pacheco Francisco, na altura director Nacional para o Ensino Geral, disse que o país tem seis mil escolas do ensino primário, mas apenas duas mil estão equipadas com bibliotecas, tendo sublinhado que à semelhança do que acontece com as escolas do I ciclo do ensino secundário, também não estão equipadas apesar da existência de espaços. O agora secretário de Estado para o Ensino Pré-Escolar e Geral reconheceu que a inexistência desse equipamento nas escolas condiciona a aprendizagem dos alunos, uma vez que seria lá onde eles aumentariam o nível académico e cultural. “ Interessa-nos bastante que as bibliotecas sejam criadas e apetrechadas ", salientou.;
PTAO187;asynchrony;after;;Final;Post;PP;Culm;Culm;18.   O Jornal de Angola contactou, por telefone, a directora nacional do Ensino Técnico Profissional, Maria Julieta, para saber acerca da situação das instituições afectas ao seu pelouro, mas mostrou-se indisponível, tendo indicado o subdirector pedagógico do Instituto Médio Industrial de Luanda ( IMIL ), Milton Silva, que se limitou a falar da instituição em que trabalha.;
PTAO188;asynchrony;after;;Final;Post;PP;Culm;Culm;19.   Milhões de pessoas em África já estão a sofrer com os impactos das mudanças climáticas e o Painel Intergovernamental sobre Alterações Climáticas, num relatório divulgado ontem em Nairobi, capital do Quénia, mostrou que as coisas podem piorar, tendo incentivado os governos a abraçarem as tecnologias renováveis.;
PTAO189;expansion;expander;;Final;Ant;Pres-Ind;St;Culm;20.   Guterres, o actual homem-forte O português António Guterres é o nono Secretário-Geral das Nações Unidas, tendo assumido as funções a 1 de Janeiro de 2017.;
PTAO190;asynchrony;after;;Final;Post;PP;Culm;Culm;21.   A intenção, afirmou, já foi proposta ao Ministério do Ensino Superior com o competente aval da Reitoria da Universidade, tendo recebido uma autorização verbal, aguardando-se por esclarecimentos que foram solicitados à direcção da Faculdade para começar actividade.;
PTAO191;expansion;expander;;Final;Simul;PP;CP;Pro;Nascida na cidade de Luanda em 1970, Té Macedo formou-se em Música na cidade de Lisboa, Portugal, tendo ainda estudado Dança.;
PTAO192;asynchrony;after;;Final;Post;PP;Culm;Culm;23.   Os utentes que pretendem efectuar o trespasse das chaves das casas, ou arrendá-las a outrem, foram aconselhados pelo ministro a não o fazer, tendo sublinhado ainda a importância de serem plantadas árvores no local, como forma de contribuir para o equilíbrio ambiental. Gonçalves Muandumba apelou aos jovens, em geral, no sentido de serem pacientes e não se precipitarem em relação à concretização dos anseios pessoais.;
PTAO193;asynchrony;after;;Final;Post;PP;Culm;Pro;24.   Num gesto misto entre o zelo pelo labor e a solidariedade para com o nacionalista, a nossa equipa de reportagem voltou a pisar o famoso quintal de Manbelé, tendo testemunhado no local o seu progressivo estado de recuperação, rodeado de familiares e amigos.;
PTAO194;expansion;expander;;Final;Ant;Pres-Ind;St;Culm;25.   António Afonso tem 44 anos e está na fábrica há dez, tendo ingressado através de um comunicado que viu no jornal.;
PTAO195;expansion;expander;;Final;Ant;Pres-Ind;St;Pro;26.   A Procuradoria Geral da República ( PGR ) mantém em prisão preventiva figuras públicas, tendo algumas desempenhado, muito recentemente, funções no Executivo ou em instituições às quais cabe a gestão directa de enormes quantidades de dinheiro.;
PTAO196;elaboration;specific;;Final;Simul;PP;Pro;Culm;Vários profissionais do cinema, inclusive o Exército dos Estados Unidos da América, reagiram a morte de Lee, tendo agradecido o serviço que prestou.;
PTAO197;cause;reason;;Initial;Ant;PP;St;Culm;28.   Tendo sido mal informado, fui obrigado a regressar a Benguela a apanhar a documentação original porque não aceitavam cópias.;
PTAO198;cause;result;;Final;Post;PP;Culm;St;29.   Nessa ocasião foi solicitado o reforço do dispositivo policial que opera junto do consulado, tendo sido então possível regularizar rapidamente a situação e, graças à notável acção da Brigada Diplomática da Polícia nacional de Angola, foram nessa ocasião identificados diversos elementos que se dedicavam a essa actividade.;
PTAO199;asynchrony;after;;Final;Post;Pres-Ind;St;Culm;O músico afirmou que pretende realizar um espectáculo de aproximadamente hora e meia, tendo convidado os admiradores a estarem presentes por considerar um bom momento para “ matar saudades e recordar épocas que marcaram a história da música angolana. ";
PTAO200;cause;reason;;Final;Ant;PP;CP;CP;Mais de mil famílias de várias povoações do município de Kimbele, província do Uíge, ficaram sem abrigo, em consequência das chuvas dos últimos dias na região, tendo destruído 214 residências, informou, ontem, em nota o Serviço de Protecção Civil e Bombeiros.;
PTMZ1;expansion;expander;;Final;Post;PP;Culm;St;A Guardia Civil espanhola detectou a entrada de uma nova droga no país, tendo esta sido considerada 80 vezes mais potente do que a canábis tradicional, segundo revelaram as autoridades em comunicado.;
PTMZ2;asynchrony;after;;Final;Post;PP;Culm;Culm;Os destinatários da droga foram apanhados em flagrante durante a entrega da encomenda, tendo sido detidos dois homens britânicos com 36 e 37 anos, sendo que já haviam estado detidos por crimes contra a saúde pública.;
PTMZ3;asynchrony;after;;Final;Post;INF-C;Culm;Pro;O facto deu-se depois de o interno ter sido recapturado pelas autoridades prisionais, tendo este recorrido ao seu próprio lençol para tirar a própria vida.;
PTMZ4;expansion;expander;;Final;Simul;PP;CP;St;Referir que só neste ano, já foram sequestradas mais de quatro pessoas, tendo sido a última, uma cidadã de origem portuguesa, proprietária de um dos estabelecimentos de venda de moldes para espelhos, quadros e objectos de enfeites.;
PTMZ5;elaboration;specific;;Final;Simul;PIMP-Ind;Pro;Culm;Alberto Ricardo Mondlane falava na manha deste sábado aquando das comemorações do dia da independência nacional tendo dito que líder da Renamo Afonso Dlhakama deve abandonar as matas para vir a cidade conviver com outros para além de enquadrar seus homens nas entidades do estado e entregar as armas ao estado moçambicano.;
PTMZ6;cause;result;;Final;Simul;PP;CP;CP;No mesmo período foram fiscalizados dois mil quinhentas e quarenta e uma viaturas tendo sido passado cento e setenta e um aviso de multas aos transgressores do código da estrada.;
PTMZ7;cause;reason;;Final;Simul;Pres-Ind;St;CP;Segundo Buchili, os sequestros e assassinatos, sobretudo de pessoas portadoras de albinismo, preocupam sobremaneira as autoridades moçambicanas, tendo sido reportados 51 casos que resultaram em 13 mortes.;
PTMZ8;asynchrony;after;;Final;Post;PP;Culm;Culm;Durante o debate, a deputada da bancada parlamentar da Frelimo, partido no poder, Lucília Hama, elogiou o informe, tendo afirmado na sua intervenção que o fortalecimento das instituições judiciais constitui uma forma de proporcionar aos moçambicanos uma justiça célere, eficaz e eficiente.;
PTMZ9;cause;result;;Final;Post;PP;Culm;St;A descoberta do caso que envolve Eurico Bulha foi feita por uma criança quando pretendia preparar o frango para o jantar, tendo ficado assustado.;
PTMZ10;cause;reason;;Final;Simul;Pres-Ind;Pro;Culm;Abel Xavier, de 43 anos, chega ao comando técnico dos “ mambas " num momento em que a selecção acumula maus resultados, tendo sido afastada pelo Gabão na segunda eliminatória de qualificação para a fase de grupos da zona africana de apuramento para o Mundial 2018, e substitui o croata Boris Pusic, que apenas dirigiu a selecção moçambicana nos últimos dois jogos oficiais.;
PTMZ11;asynchrony;after;;Final;Post;PP;Culm;Culm;O Luso-Português nascido em Nampula, em 1972 iniciou a sua carreira futebolística no Estrela da Amadora, tendo sido transferido para o Benfica, alem dos clubes português o novo seleccionador dos “ Mambas " representou os ingleses do Liverpool, Galatasary da Turquia, Los Angeles Galaxy dos Estados Unidos.;
PTMZ12;asynchrony;after;;Final;Post;PP;Culm;Culm;Segundo informação que nos foi facultada por Félix Chembene, oficial de Comunicação da Cruz Vermelha, a instituição lançou um apelo de emergência aos seus parceiros com vista a angariar 1,7 milhões de francos suíços, tendo obtido resposta do Japão e da Holanda, que desembolsaram 700 mil.;
PTMZ13;asynchrony;after;;Final;Post;PP;Culm;Culm;Intervindo na ocasião, o director do saneamento do meio no Conselho Municipal de Chimoio, Mário Vilacanjo Melo, louvou a iniciática, do CPJ, de Manica, tendo reiterado abertura da edilidade em trabalhar com diferentes actores na melhoria da qualidade de vida dos munícipes.;
PTMZ14;cause;reason;;Initial;Ant;PP;St;CP;Fruto da sua boa performance, excelente desempenho profissional, óptimas pontuações feitas pelos comandantes com os quais realizou os voos, óptimos resultados nos actos de formação e tendo contabilizado mais de 3.500 ( três mil e quinhentas ) horas de voo necessárias para se habilitar a concorrer para comandante, Admira António acabou tendo um parecer favorável para comandante.;
PTMZ15;expansion;expander;;Final;Simul;PP;St;St;Numa fase inicial, segundo José Mahumane, foram abrangidos os distritos de Chicualacuala, Chigubo e Mabalane, tendo cabido, a cada um daqueles pontos, 30 furos.;
PTMZ16;cause;reason;;Final;Simul;PIMP-Ind;St;Culm;Segundo a Rádio Moçambique, as vítimas encontravam-se a dormir numa linha férrea, tendo sido atingidas por uma locomotiva pertencente à multinacional anglo-australiana Rio Tinto, que se dedica à exploração do carvão.;
PTMZ17;cause;reason;;Final;Simul;PIMP-Ind;St;Culm;Segundo ela, durante o período em que esteve internada em Chibuto, sentia algo estranho no seu organismo, tendo reportado o assunto ao pessoal médico em serviço.;
PTMZ18;cause;result;;Final;Post;PP;Culm;CP;A paciente, já no Hospital Provincial em Xai-Xai, na última segunda-feira, seria submetida a uma ecografia que determinou a ocorrência de uma gravidez extra-uterina, tendo sido extraído à cesariana um fecto vivo.;
PTMZ19;asynchrony;after;;Final;Post;PP;Culm;Culm;O recurso também diz que houve disparos e quando terminados os membros de mesa de voto regressaram a mesa, tendo constatado o desaparecimento de boletins de voto.;
PTMZ20;asynchrony;after;;Final;Post;PP;CP;Culm;Fonte familiar contou à nossa Reportagem que, devido a gravidade dos ferimentos, desta unidade foi encaminhada para a urgência do Hospital Central de Maputo, tendo perdido a vida a caminho desta unidade sanitária.;
PTMZ21;expansion;expander;;Final;Simul;Pres-Ind;St;CP;Os “ Mambas " encontram-se em Joanesburgo desde o dia 2 de Janeiro em curso, tendo feito um jogo de controlo frente à Mauritânia, no qual perderam, por 3-2, naquele que foi o seu quarto embate de preparação.;
PTMZ22;expansion;expander;;Final;Simul;PresPro;St;Culm;Em Inhambane, elefantes estão a criar pânico em alguns distritos da província, tendo provocado a morte de uma pessoa esta quinta-feira.;
PTMZ23;asynchrony;after;;Final;Post;PP;Pon;Culm;A vítima é uma senhora que se deparou com o paquiderme na localidade de Dongane, distrito de Inharrime, quando ia à de busca de água, tendo encontrado a morte a caminho do centro de saúde local.;
PTMZ24;asynchrony;after;;Final;Post;PP;Culm;Culm;O administrador distrital de Nangade, Melchior Focas, disse ao nosso jornal que o troço de 37 quilómetros que falta por reabilitar constitui um autêntico “ bico de obra " em termos de transitabilidade, sobretudo no tempo chuvoso, tendo adiantado que uma vez asfaltado, permitirá que as condições de transporte de pessoas e bens, aconteça sem sobressaltos.;
PTMZ25;asynchrony;after;;Final;Post;PP;Culm;Culm;O Presidente reconheceu que as cheias que se abatem sobre o Baixo Limpopo, em particular, e noutras bacias hidrográficas do vasto Moçambique, provocam mortes, tendo apontado 14 óbitos registados apenas neste Janeiro.;
PTMZ26;expansion;expander;;Final;Simul;PP;Pro;CP;Para o efeito, o pelouro de Actividades Económicas realizou encontros com os comerciantes da Feira Popular, tendo já sido constituída uma comissão que irá monitorar com o executivo o desenrolar do processo de requalificação.;
PTMZ27;asynchrony;after;;Final;Post;PP;Culm;Culm;Neste contexto, o vice-presidente do Banco Mundial para África disse que Moçambique tem estado a experimentar um nível de crescimento invejável, o que nos torna num país apetecível de se visitar, tendo elogiado a capacidade do Governo ao manter um crescimento médio do Produto Interno Bruto de 8 % ao ano, na última década.;
PTMZ28;expansion;narrative;;Final;Simul;Pres-Ind;St;Pro;O Primeiro-Ministro, Alberto Vaquina, encontra-se desde domingo na zona centro do país, tendo visitado ontem o distrito de Mopeia, na província da Zambézia, para se inteirar da implementação do Plano de Contingência para a presente época chuvosa.;
PTMZ29;expansion;expander;;Final;Simul;Pres-Ind;St;CP;Para o presente ano, segundo a nossa fonte, o plano do governo distrital contempla primeiro a recuperação das fontes de água que se encontram avariadas, tendo sido reabilitadas até agora oito, número considerado muito baixo, tendo em conta que grande parte das fontes encontram-se inoperacionais.;
PTMZ30;expansion;expander;;Final;Ant;PP;CP;CP;Actualmente a cobertura de água fornecida através de fontanários passou de 800 para 35 mil pessoas, como resultado da abertura de 30 furos nos bairros periféricos e quatro pequenos sistemas, tendo sido reforçada com a intervenção do FIPAG.;
PTMZ31;expansion;expander;;Final;Simul;Pres-Ind;St;St;Num financiamento da empresa, a iniciativa é coordenada pela Direcção Provincial de Agricultura de Tete, tendo cabido a cada uma das famílias abrangidas três animais para fomento e tracção, designadamente uma fêmea e dois machos, que servirão para o incremento na produção agrícola através do reforço da lavoura e o transporte da produção dos campos às residências.;
PTMZ32;cause;result;;Final;Post;PP;Culm;Culm;Segundo testemunhas oculares, na altura do facto, algumas pessoas que estavam perto ainda se aperceberam dos estalidos provocados pelo início da queda da árvore, tendo se afastado, precipitadamente, evitando o pior.;
PTMZ33;expansion;expander;;Final;Simul;PP;St;Culm;A consumação deste ganho, segundo a governadora, foi, dentre vários factores, fruto da alocação de quatro motobombas a preços bonificados, tendo beneficiado duas associações, bem como a alocação de 12 tractores a preços subsidiados, tendo beneficiado cinco distritos.;
PTMZ34;expansion;expander;;Final;Post;PP;Culm;St;No total são onze as crianças beneficiárias, cujos pais pereceram vítimas de várias enfermidades na capital provincial de Manica e no Posto Administrativo de Messica, tendo deixado seus filhos em habitações não condignas e que foram se degradando ainda mais com o andar do tempo.;
PTMZ35;asynchrony;after;;Final;Post;PP;Culm;CP; Na verdade, segundo Mabota, a reposição da ponte destruída foi, efectivamente, concluída na última terça-feira, tendo inclusivamente sido feito um ensaio da mesma, fazendo transitar um veículo de teste.;
PTMZ36;cause;result;;Final;Post;PP;Culm;St;Recordar que os problemas no fornecimento de energia eléctrica a zona norte de Cabo Delgado começaram no passado dia 19 de Fevereiro devido a queda de uma torre da linha de alta tensão que foi derrubada pela forca das águas do rio Messalo, tendo deixado mais de 13 mil consumidores sem energia durante uma semana.;
PTMZ37;contrast;null;;Final;Post;PP;Culm;Culm;  Ao @ Verdade, o padre Eusébio Albino negou tecer comentários sobre o seu envolvimento em actos de bruxaria, tendo prometido falar sobre o assunto nos próximos tempos.;
PTMZ38;asynchrony;after;;Final;Post;PP;Culm;Culm;Inaugurado em 1968, o edifício foi nacionalizado pelo Governo moçambicano no período de pós-independência, tendo regressado “ ao serviço da igreja " em 1993.;
PTMZ39;cause;result;;Final;Simul;PP;Pro;Pro;As igrejas, através dos seus representantes, contestaram a suposta pretensão do Estado de cobrar impostos a instituições religiosas, tendo alimentado diversos debates na comunicação social, onde várias vozes apareceram a criticar a suposta iniciativa do Estado moçambicano.;
PTMZ40;asynchrony;after;;Final;Post;PP;Culm;Culm;Ferdinand e Imelda instauraram um regime ditatorial nas Filipinas, entre 1965 e 1986, tendo o presidente sido destituído por uma revolta popular pacífica, que os levou ao exílio.;
PTMZ41;asynchrony;after;;Final;Post;PP;Culm;Culm;Já o director clínico do Hospital Provincial de Chimoio, Arraujo Mussa Patrício, simplesmente enalteceu o gesto tendo pedido a mesma e outras a continuar com este tipo de solidariedade com os acamados naquele local.;
PTMZ42;asynchrony;after;;Final;Post;PP;CP;Pro;A nossa reportagem se fez a zona de troca de tiros entre as Forcas Governamentais e da Renamo, tendo testemunhado o regresso da população.;
PTMZ43;asynchrony;after;;Final;Post;PP;CP;CP; No passado sábado, uma manifestação também contra a xenofobia na África do Sul e com o mesmo destino foi igualmente promovida por activistas da sociedade civil, tendo reunido apenas cerca de cem pessoas, num protesto não autorizado pelo Conselho Municipal de Maputo.;
PTMZ44;asynchrony;after;;Final;Post;Cond-C;Culm;Culm; Na altura o proprietário da casa ter-se-ia posto em fuga, tendo sido capturado na noite de domingo e posteriormente detido na 3ª Esquadra da Polícia da cidade de Maputo.;
PTMZ45;cause;result;;Final;Simul;PP;CP;CP; A Polícia de Trânsito fiscalizou 5.749 viaturas, tendo apreendido 27 por diversas irregularidades.;
PTMZ46;elaboration;specific;;Final;Simul;PP;Culm;Pro;Um empresário de origem asiática, não identificado, foi barbaramente assassinado ontem em Maputo, tendo sofrido golpes de martelo na região da nuca.;
PTMZ47;asynchrony;after;;Final;Post;PP;Culm;Culm;Segundo testemunhas, tudo teria acontecido em circunstâncias estranhas, pois na manhã de domingo, por volta das 05h00, alguns vizinhos pediram que o malogrado retirasse o seu automóvel do parque para que os mesmos pudessem sair, tendo regressado à sua casa depois de satisfazer-lhes o pedido.;
PTMZ48;cause;reason;;Medial;Ant;PP;Culm;Culm;O proprietário do estabelecimento, tendo se apercebido da falsidade da moeda denunciou de imediato a polícia que deteve o indivíduo na sexta esquadra da PRM, no bairro do Infulene.;
PTMZ49;cause;result;;Final;Post;PP;Culm;CP;O indivíduo cuja identidade não foi possível apurar, foi surpreendido por quatro jovens, justamente no momento em que tentava retirar espelhos de uma viatura de marca Toyota Spacio estacionada no local, tendo lhe sido aplicado uma rajada de pontapés e golpes violentos.;
PTMZ50;asynchrony;after;;Final;Post;PP;Culm;St;Os agressores dispersaram-se logo de seguida, tendo deixado o jovem estatelado e com graves ferimentos no contentor de lixo.;
PTMZ51;cause;result;;Final;Post;INF-S;Culm;Culm;Chegados a casa do casal, os membros da polícia comunitária arombaram a porta e malogrado teria respondido com violência, facto que obrigou o agente da PRM a disparar, tendo o atingido mortalmente.;
PTMZ52;asynchrony;after;;Final;Post;PP;Culm;Culm;O facto ocorreu quando o casal achou na sua machamba o morteiro, tendo de seguida convidado uma terceira pessoa para levá-lo à casa onde pretendiam extrair mercúrio, metal líquido com certo valor económico.;
PTMZ53;cause;reason;;Medial;Ant;PP;Culm;Culm; O indivíduo, cuja identidade se desconhece, caiu nas malhas dos populares quando junto de seus comparsas, tentavam o roubar uma viatura de marca Nissan March, recorrendo para lograr os seus intentos a instrumentos contundentes para desferir golpes ao proprietário que tendo pedido socorro, a população saiu em seu auxilio e acabou surpreendendo o azarado linchado.;
PTMZ54;elaboration;specific;;Final;Simul;PP;CP;CP;Um forte contingente policial fortemente armado, dentre as quais a UIR ( Unidade de Intervenção Rápida e GOE ( Grupo Operativo Especial ) ocupou à forca a residência de Dhlakama, tendo recolhido a guarda pessoal do líder da Renamo aos pontapés, o que provocou a fuga dos residentes daquele bairro por temer o pior.;
PTMZ55;asynchrony;after;;Final;Post;PP;Culm;Pro;Os três chegaram à base de Chicuacha em 2013, tendo recebido treinos militares juntamente com outros que ainda lá permanecem, com o sonho de substituir os guerrilheiros mais velhos e com promessas de serem integrados nas Forças Armadas de Defesa de Moçambique ao abrigo do Acordo de Cessação das Hostilidades Militares assinado a 5 de Setembro de 2014.;
PTMZ56;asynchrony;after;;Final;Post;PP;Pon;Culm;Na sequência dos golpes sofridos num dos membros inferiores, a vítima gritou por socorro, tendo de seguida caído no chão e perdido os sentidos.;
PTMZ57;elaboration;specific;;Final;Simul;PresPro;St;Culm;A África do Sul está tomar medidas severas e a aplicar duras medidas para travar a migração ilegal, tendo já colocado unidades militares ao longo das suas fronteiras com países vizinhos para apertar o cerco a esta prática, mas muita gente consegue entrar no país, devido à corrupção nas fronteiras.;
PTMZ58;asynchrony;after;;Final;Post;PP;Culm;CP;Um cidadão de 27 anos de idade cuja identidade não foi possível apurar furtou uma carteira contendo seis ( 6 ) cartões de débito, tendo conseguido levantar um montante de 42 mil meticais na cidade de Maputo.;
PTMZ59;cause;result;;Final;Post;PP;Culm;Culm;O video que circulava numa rede social e que chocou a todos que assistiram, foi visto pela irmã de Aisah, que reconheceu a voz da adolescente e o choro do bebé, tendo contactado a polícia.;
PTMZ60;asynchrony;after;;Final;Post;PP;Culm;CP;O Presidente da República, terminou ontem a visita presidencial de quatro dias à província da Zambézia, tendo se deslocado esta sexta-feira, também pelos mesmos dias, à província do Niassa.;
PTMZ61;asynchrony;after;;Final;Post;PP;Culm;CP;A Comissão de Mediação e Arbitragem Laboral ( COMAL ) assegurou o pagamento de pouco mais de 155.500 milhões de meticais em indemnizações e salários em atraso, tendo 2.310 trabalhadores sido readmitidos nos seus antigos postos de trabalho, durante o presente quinquénio, revelou Vitória Dias Diogo, ministra do Trabalho, Emprego e Segurança Social ( MITESS ).;
PTMZ62;cause;result;;Final;Post;PP;CP;Culm;A Montepuez Ruby Mining, empresa que resulta da fusão da britânica Gemfields e da moçambicana Mwirit e explora pedras preciosas em Namanhumbir, distrito de Montepuez, em Cabo Delgado, leiloou, pela primeira vez, menos de metade dos seus sete milhões de quilates de rubis, em Singapura, na Ásia, tendo ganho 33,5 milhões de dólares, valor que voltará para Moçambique por intermédio da sua empresa, a Montepuez Ruby Mining, garantiu recentemente Ian Harebottle, director-executivo da Gemfields.;
PTMZ63;asynchrony;after;;Final;Post;PP;Culm;Culm;Com efeito, o líder da Renamo abandonou a cidade de Maputo, capital do país, tendo se estabelecido na cidade de Nampula, tendo sido, essa sua deslocação acompanhada por um crescendo no seu discurso de desestabilização política, com várias ameaças à integridade territorial.;
PTMZ64;expansion;expander;;Final;Simul;ir(PP)+Ger;Pro;Pro;  Ao mesmo tempo, foi-se assistindo, ao longo de várias partes do país, à mobilização dos homens armados da Renamo, tendo sido congregados em algumas das suas sedes por longos períodos de tempo.;
PTMZ65;asynchrony;after;;Final;Post;PP;Culm;Culm;  Além disso, “ O Posição C ( Nota do editor: ministro das Finanças ), Indivíduo C ( Nota do editor: Manuel Chang ) admitiu voluntariamente à Kroll que violou conscientemente as leis do orçamento acordadas ao aprovar as garantias do Governo para as Empresas de Moçambique, tendo explicado que funcionários do SISE o convenceram a aprovar as garantias do Governo com base em razões de segurança nacional ".;
PTMZ66;expansion;expander;;Final;Simul;PP;Pro;St;A SOTUR, que tem vários interesses comerciais nos principais hotéis de Moçambique, aventurou-se na banca tendo sido até recentemente um dos accionistas do liquidado Novo Banco.;
PTMZ67;cause;result;;Final;Simul;PP;St;CP;O Banco Único, instituição controlada pelo grupo sul-africano Nedbank e onde o Estado é acionista através do Instituto Nacional de Segurança Social ( INSS ), foi a instituição financeira que mais violou as leis das Instituições de Crédito e Sociedades Financeiras e de prevenção e combate ao branqueamento de capitais e financiamento ao terrorismo, entre 2015 e 2016, tendo sido sancionado com três contravenções que totalizam 32,8 milhões de meticais.;
PTMZ68;asynchrony;after;;Final;Post;PP;Culm;Culm;Em contacto com o nosso semanário, Sualé Manuel negou ser o pai da criança, tendo afirmado que nunca seria capaz de negar a paternidade, ou seja, abandonar o seu próprio filho.;
PTMZ69;cause;result;;Final;Post;PP;Culm;Culm; A equipa do Departamento de Edificações que efectuou uma visita ao empreendimento em causa constatou todas estas irregularidades, tendo recomendado à edilidade para que determinasse que a obra foi abandonada; por isso, os trabalhos devem ser paralisados e tem de se proceder à demolição de uma estrutura que está a perigar vidas humanas, prevenindo-se outros danos que poderão, eventualmente, ocorrer.;
PTMZ70;expansion;expander;;Final;Simul;PP;Pro;Pro;  O @ Verdade visitou, na última semana, certas zonas residenciais, tendo constatado situações graves – e algumas aparentemente de difícil solução – relacionadas coma corrosão de solos.;
PTMZ71;asynchrony;after;;Final;Post;PP;Culm;Culm; A família solicitou, igualmente, ao INAS a alocação duma cadeira de rodas, mas sem sucesso, tendo sido informados de que só poderiam ter acesso a uma cadeira de rodas após o miúdo completar os 18 anos de idade.;
PTMZ72;cause;reason;;Final;Simul;PP;St;Pro;Dados do Ministério do Turismo dão conta de que aquela área de conservação “ atravessou os seus piores momentos entre o último trimestre de 2012 e o primeiro de 2013, tendo perdido dois a três elefantes por dia ".;
PTMZ73;expansion;narrative;;Final;Simul;PIMP-Ind;Pro;Culm; A vítima era uma mulher de 29 anos de idade que viajava no mesmo autocarro que os detidos, a fim de visitar alguns familiares, tendo sido raptada e levada numa mota para uma casa em Gurdaspur, na província de Punjab.;
PTMZ74;expansion;expander;;Final;Post;PP;CP;Culm;Em 2011, o Centro de Aprendizagem e Capacitação da Sociedade Civil ( CESC ) realizou, em parceria com o Movimento de Educação Para Todos, um estudo sobre a qualidade do ensino primário em Moçambique, tendo concluído que os petizes deste grau de instrução desvalorizam a importância da educação porque não sentem que ela os diferencia em termos da sua ascensão social ou económica, por isso, optam por “ ganhos imediatos ", sobretudo quando reprovavam, tais como trabalhos remunerados.;
PTMZ75;asynchrony;after;;Final;Post;Fut-C;CP;Culm;De acordo com as nossas fontes, um dos concorrentes de Manish Cantital - refira-se que é da mesma comunidade - no concurso promovido por uma operadora de telefonia móvel que não importa citar, ao tomar conhecimento dos resultados do concurso, terá simulado o sequestro da sua própria esposa, tendo mesmo ido participar o caso às autoridades policiais e apontado Manish com mandante.;
PTMZ76;cause;result;;Final;Post;PP;Pro;Culm;O jornalista Carlos Cardoso foi quem mais investigou e escreveu sobre a mesma tendo sido brutalmente assassinado em Novembro de 2000.;
PTMZ77;asynchrony;after;;Final;Post;PP;Culm;Pro;Moniz Carsane casou-se há quase um mês, tendo semanas depois ido gozar a lua-de-mel.;
PTMZ78;asynchrony;after;;Final;Post;PP;Culm;Culm;O petiz foi obrigado pelos progenitores a abandonar os estudos porque eles não dispunham de condições financeiras para custear as despesas escolares, tendo sido enviado para a casa do seu avô, em Carrupeia, a fim de ajudá-lo na sua locomoção com recurso a uma cadeira de rodas, com a qual circula nas diferentes ruas da urbe, onde pede esmola.;
PTMZ79;asynchrony;after;;Final;Post;PP;Culm;Culm;Movidos por interesses comerciais, os caçadores furtivos invadiram a reserva, tendo iniciado a recolha de tudo o que era importante para o seu enriquecimento ilícito.;
PTMZ80;asynchrony;after;;Final;Post;PP;Culm;CP; Nascida no Lumbo, a 25 de Agosto de 1949, iniciou a sua relação com a música interpretando temas folclóricas e a dançar nos grupos maioritariamente compostos por homens da sua aldeia, com seis anos de idade, tendo posteriormente conquistado a fama com a qual levou o seu grupo Eyuphuro para a cidade de Lourenço Marques, actual Maputo.;
PTMZ81;cause;result;;Final;Simul;PP;St;St;Recusou-se a prestar declarações à Imprensa, tendo sido necessária a intervenção da Direcção Provincial do Trabalho.;
PTMZ82;asynchrony;after;;Final;Post;PP;Culm;Culm;A maior parte das pessoas fá -lo sozinha, pois as máquinas digitais e telemóveis permitem. “ Hoje em dia, todo o mundo pode ser fotógrafo, desde que tenha um telemóvel nas mãos, e, no dia seguinte, vai revelar as imagens numa loja de chineses ", disse Ivanildo Graciano Soares tendo acrescentado que: “ a actividade de fotógrafo já não traz rendimentos porque, com as novas tecnologias, cada um pode ser fotógrafo sem, no entanto, precisar de beneficiar de uma formação para o efeito ".;
PTMZ83;cause;reason;;Final;Ant;PP;Culm;Pro;Segundo testemunhas, o jovem encontrou a morte quando festejava um golo que sua turma acabava de marcar, tendo baloiçado numa baliza metálica, a qual estava supostamente degradada.;
PTMZ84;cause;result;;Final;Post;PP;Pro;St;Houve excessos na troca de palavras, gerou-se um ambiente de cortar à faca, e os ânimos subiram, tendo sido necessária a intervenção da Polícia para restabelecer a ordem.;
PTMZ85;expansion;expander;;Final;Simul;PP;Pro;Pro;Por seu turno, Orlando Janeiro, candidato do partido Movimento Democrático de Moçambique ( MDM ), que esteve acompanhado do líder do partido, Daviz Simango, desfilou pelas artérias da cidade pedindo votos aos munícipes daquela autarquia, tendo apostado no contacto interpessoal.;
PTMZ86;asynchrony;after;;Final;Post;PP;Culm;Culm;Eles foram surpreendidos com uma motorizada pertencente a um funcionário da Autoridade Tributária, tendo todos confessado o furto.;
PTMZ87;asynchrony;after;;Final;Post;PP;Culm;St;Em de Maio de 2011, no Bairro Chalambe 1, na cidade de Inhambane, Moisés António Vilanculos e um seu amigo assassinaram a cidadã Sera­na Alberto Guambe, de 26 anos de idade, numa casa abandonada, tendo Joaquina Niquice sido suspeita de ser a mandante porque disputava o marido com a malograda.;
PTMZ88;cause;result;;Final;Simul;Pres-Ind;Pro;Culm;Em Boane e nas urbes de Maputo e da Matola, a água jorra turva, geralmente só de madrugada, por um período de duas ou três horas e tem baixa pressão, devido a uma combinação de factores, entre os quais a chuva que cai, tendo originado a subida do caudal do rio Umbeluzi, e acumulação de impurezas, segundo as Águas da Região de Maputo.;
PTMZ89;expansion;expander;;Final;Ant;ir(Pres)+INF-S;St;CP;Numa primeira fase o projecto vai cobrir os distritos de Homoíne, Panda e Inharrime, na província meridional de Inhambane, e o de Chiúre ( Cabo Delgado ), tendo sido distribuídas até ao momento cerca de 180 toneladas daquele tipo de semente, sendo que o remanescente aguarda a conclusão do processo de preparação de terra para sementeira, a ser finalizado o mais tardar até primeira quinzena de Janeiro de 2015.;
PTMZ90;cause;result;;Final;Post;PP;CP;Pro;Segundo Vasco Mendonça, administrador de Macossa, citado pela agência Lusa, os suspeitos, na maioria residentes locais, foram apanhandos em flagrante ou na posse de grandes quantidades de animais esfolados ou de carne, tendo sido abertos processos judiciais.;
PTMZ91;cause;result;;Final;Post;PP;Culm;Culm;Um autocarro de transporte inter-provincial de passageiros, que fazia o Nampula-Beira pela Estrada Nacional nº1, capotou cerca das 7h00 desta quarta-feira(10 ), distrito de Alto Molócuè, na província da Zambézia, tendo causado a morte de duas pessoas.;
PTMZ92;expansion;expander;;Final;Simul;PP;Culm;Culm;Virgílio Guilherme, Comandante da Polícia da República de Moçambique naquele distrito, afirmou ao jornal Diário da Zambézia que logo após o acidente o condutor pôs-se em fuga tendo abandonado os sinistrados.;
PTMZ93;asynchrony;after;;Final;Post;PP;Culm;St;Por volta das 18 horas decidiu visitar a cunhada, tendo permanecido em casa desta cerca de duas horas e depois deslocou-se à sua residência para repousar, mas não veio a efectivar tal pretensão porque recebeu a chamada do namorado e posteriormente saiu ao seu encontro.;
PTMZ94;expansion;expander;;Final;Simul;PIMP-Ind;Pro;Culm;A vítima fazia-se transportar numa viatura cuja matrícula não foi revelada pelas autoridades, tendo sido ameaçada e retirado do interior da mesma à força.;
PTMZ95;asynchrony;after;;Final;Post;PP;St;Culm;O nosso interlocutor referiu que o projecto foi concebido em Abril do ano em curso, e culminou com o lançamento do respectivo concurso público de âmbito nacional, onde, dentre várias empresas, entraram na corrida a TATA, Pro Motor, Técnica Industrial Lda, GWM, entre outras, tendo saído vencedora a GWM, empresa do grupo General Auto, que se encontra no mercado de automóveis no país desde o ano de 2006.;
PTMZ96;cause;result;;Final;Simul;PP;CP;Culm;Na sequência desta situação, aquela instituição bancária efectuou uma série de investigação em relação à idoniedade da empresa GWM, tendo se constatado a sua ilegibilidade, mediante a alguns situações de penumbra que não permite que a mesma beneficie dos seus fundos.;
PTMZ97;asynchrony;after;;Final;Post;Pres-Ind;St;Culm;Para a viúva, a situação é preocupante, porque, quando o seu esposo faleceu, foi obrigada a entregar o cartão do banco do finado e tendo sido levantado o valor que não nos foi revelado.;
PTMZ98;expansion;expander;;Final;Ant;Pres-Ind;St;CP;Os dados do Banco Mundial mostram que a África Subsahariana conta com o maior número de reformas reguladoras, tendo tornado, em 2014, o ambiente de negócios mais fácil com 75 por cento dos 230 países documentados ao nível mundial.;
PTMZ99;cause;result;;Final;Post;PP;CP;Culm;Ao @ Verdade, várias fontes disseram que Paulo “ Dangerman ", foi crivado de “ quatro balas na cabeça ", tendo encontrado morte imediata no local.;
PTMZ100;cause;result;;Final;Post;PP;Culm;Pro;Em 2010, o Fórum Terra, uma organização não-governamental que faz a administração dos recursos naturais daquela reserva, despertou, embora muito tarde, para a necessidade de se salvaguardar o local, tendo na altura sido criados comités comunitários para a gestão dos recursos florestais e faunísticos.;
PTMZ101;asynchrony;after;;Final;Post;PP;Culm;Culm;A direcção da escola preocupa-se apenas em cobrar as mensalidades ", disseram os estudantes, tendo acusado os responsáveis do sector de Educação a nível da província de Nampula de indiferença. “ Vivemos como prisioneiros, apesar de pagarmos uma taxa de mil meticais.;
PTMZ102;asynchrony;after;;Final;Post;PIMP-Ind;Culm;Culm;Conforme apurou o @ Verdade, junto de Isidro Manuel e Rosário Feniasse Mbewe, representantes dos ex-trabalhadores, a greve tinha sido agendada para o passado mês de Agosto, tendo sido adiada, na sequência de uma carta do Governo que solicitava à comissão dos ex-trabalhadores da extinta Avícola, Empresa Estatal, que aguardasse por mais algum tempo, uma vez que o processo se encontrava ainda em processo de tramitação.;
PTMZ103;asynchrony;after;;Final;Post;ir(PP)+Ger;Pro;Culm;Com o tempo, o sonho foi desaparecendo, tendo nascido o amor pelas árvores.;
PTMZ104;asynchrony;after;;Final;Post;PP;Culm;Culm;Os Serviços Distritais de Actividades Económicas lançaram um concurso público com o propósito de reforçar a equipa de fiscais, e Figredo candidatou-se a vaga, tendo sido admitido.;
PTMZ105;cause;reason;;Medial;Ant;PP;CP;CP;Por outro lado, Carlos Ussene Maito, o actual secretário do partido Frelimo em Mecula, criou uma intriga que – tendo conduzido o seu antecessor, Lopes Arida, à cessação de funções – o conduziu ao estágio em que se encontra.;
PTMZ106;cause;reason;;Final;Simul;PP;St;Pro;Segundo Muária, a reserva do Niassa, Norte de Moçambique, atravessou, no último trimestre de 2012 e o primeiro de 2013, os seus piores momentos, tendo perdido uma média de entre dois e três elefantes por dia.;
PTMZ107;cause;result;;Final;Simul;PP;Culm;CP;Mais tarde, no mesmo local, um segundo camião, que transportava bens alimentícios, foi atacado e incendiado tendo sido feridos mais três cidadãos moçambicanos.;
PTMZ108;asynchrony;after;;Final;Post;PP;Culm;Culm;Em contacto telefónico, o delegado político provincial da Renamo em Nampula, Pinoca Luxo, confirmou a informação avançada pela PRM, tendo lamentado o facto de outros ex-guerrilheiros terem perdido a vida nas celas em circunstâncias pouco claras.;
PTMZ109;asynchrony;after;;Final;Post;PP;St;Culm;Pinoca esteve detido cerca de dois meses e uma semana nas celas do Comando Provincial da PRM, em conexão com o mesmo caso, tendo sido solto a 31 de Dezembro passado.;
PTMZ110;asynchrony;after;;Final;Post;PP;Culm;Culm;Devido a ausência do chefe do Departamento de Ciências Sociais, o @ Verdade ouviu o director do curso de Filosofia, daquela delegação, identificado pelo nome de José Luís, o qual reconheceu o problema, mas assegurou, sem avançar prazos, estarem em cursos acções visando entregar os certificados em atraso aos respectivos participantes, tendo apontado pequenos erros de organização interna como estando por detrás da situação.;
PTMZ111;cause;result;;Final;Post;PP;Pro;Culm;De seguida, eles vasculharam os bolsos, tendo levado tudo o que tinha ", explicou.;
PTMZ112;conjunction;null;;Final;Simul;PP;Pro;Pro;Segundo o biólogo, a invasão em Moçambique compreende duas vagas: a primeira ocorreu nos fins da década de 60 e início da década de 70, tendo afectado a Ilha da Inhaca.;
PTMZ113;asynchrony;after;;Final;Post;PP;Culm;Culm;O antigo presidente da comissão política do PDD ao nível da cidade da Beira que em 2010 desertou para as fileiras da Frelimo, tendo sido apresentado publicamente num comício na Munhava como um dos grandes triunfos alcançados pelos “ camaradas " no mesmo ano, O Autarca soube, há dias, que está a sofrer graves perturbações mentais.;
PTMZ114;expansion;expander;;Final;Simul;PP;Pro;Culm;O número dois da cidade da Beira visitou há dias a zona do desaguadoro das Palmeiras, tendo constatado com desagrado que devido a falta de funcionamento do esporão localizado do lado esquerdo para quem está direccionado ao mar, faz com que todas as arreias são empuradas pelos ventos para o canal, provocando o seu entupimento. Essa situação verifica-se constantemente, resultando daí o bloqueio da passagem das águas para a respiração do chiveve.;
PTMZ115;cause;reason;;Medial;Ant;PP;Culm;CP;Uma criação musical de Hortêncio que, tendo sido replicada por Stewart Sukuma, ganhou um novo fôlego e caiu na graça do público. O dueto marcou o ápice do concerto.;
PTMZ116;cause;result;;Final;Post;PP;Culm;Culm;Em princípios deste ano, um outro fiscal foi intencionalmente atropelado no mesmo distrito, tendo perdido a vida no local.;
PTMZ117;cause;result;;Final;Post;PP;Culm;CP;No dia 12 de Março de 2011, o navio de guerra indiano ( INS Kalpeni ) interceptou o Vega 5, no Mar Arábico, cerca de 600 milhas náuticas a oeste da costa da Índia, tendo resgatado 12 membros da tripulação e detido 61 piratas.;
PTMZ118;expansion;expander;;Final;Post;PP;Culm;CP;A implementação do programa arrancou em 2010, tendo “ mudado consideravelmente " a forma como está sendo feito, por intermédio da “ harmonização, alinhamento e medidas mais flexíveis de assistência a Moçambique ", destaca o PNUD, referindo-se à estratégia de canalização anual para o chamado fundo comum do dinheiro das 19 agências da ONU activas em Moçambique visando acelerar o cumprimento dos Objectivos de Desenvolvimento do Milénio ( ODM ) pelo país.;
PTMZ119;conjunction;null;;Final;Simul;Pres-Ind;St;Culm;Frisa-se que este novo plano entrou em vigor em 2009 e implica a eliminação do Protocolo de Açúcar ACP/UE, tendo sido concedidos aos países menos desenvolvidos o direito de exportar açúcar livre das taxas para a União Europeia em quantidades ilimitadas, no âmbito da Iniciativa EBA.;
PTMZ120;asynchrony;after;;Final;Post;PP;Culm;Culm;De estofador com boas perspectivas na vizinha África do Sul, Langa, de 68 anos de idade, largou tudo e voltou para a sua terra para cuidar da esposa que começou por ter problemas mentais, tendo contraído a cegueira.;
PTMZ121;cause;result;;Final;Post;PP;Culm;CP;Volvidos dois meses sem auferirem as suas módicas subvenções, o grosso dos 82 idosos que estavam presentes na Escola Primária de Xibututuine, primeiro teve de ser informado de que nesse período o Executivo reajustou o subsídio social básico, tendo passado de 280 para 310 meticais, para um agregado familiar constituído por uma pessoa; de 390 meticais, contra os anteriores 350 meticais, para as famílias compostas por dois indivíduos; de 420 para 460 meticais no que toca a uma família constituída por três elementos, enquanto de quatro membros recebe 530 meticais, contra os anteriores 480.;
PTMZ122;cause;reason;;Final;Simul;PP;St;CP;Marrocos ainda reduziu, mas Pio, na linha de lances livres, voltou a estar impecável, tendo somado 23 pontos na sua conta pessoal.;
PTMZ123;expansion;expander;;Final;Ant;Pres-Ind;St;Culm;Refira-se que a melhor marca de Kurt Couto na especialidade de 400 barreiras é de 49 segundos e dois centésimos, tendo sido estabelecida em Praga, em Junho de 2012, enquanto nos 400 metros planos possui um registo de 46 segundos e 50 centésimos.;
PTMZ124;asynchrony;after;;Final;Post;PP;Pro;Culm;O Conselho de Disciplina da Liga Moçambicana de Futebol, reunido em sessão ordinária na última quarta-feira(12 ), apreciou e analisou o relatório de instrução dos processos disciplinares mandatados instaurar contra os atletas em virtude da agressão ao árbitro António Munguambe, tendo ainda penalizado os jogadores com multas de oito e cinco mil meticais, respectivamente.;
PTMZ125;expansion;expander;;Final;Ant;PP;CP;St;Destaque ainda para a nossa capitã, Deolinda Ngulela, que, com muita raça, procurou organizar o jogo e ainda somou 10 pontos, tendo estado perfeita na linha de lances livres.;
PTMZ126;elaboration;specific;;Final;Simul;PP;Pro;Culm;Algumas pessoas entrevistadas pelos @ Verdade em Sangage mostraram o seu desconforto em relação ao projecto, tendo afirmado que, desde que o mesmo arrancou, não obstante todos os compromissos assumidos em ajudar a comunidade, só foram abertos dois furos de água para uma população estimada em mais de 10 mil habitantes, para além de ter sido feita a vedação do Centro de Saúde local que clama por uma reabilitação integral e pela introdução de vários serviços considerados vitais.;
PTMZ127;cause;result;;Final;Simul;PIMP-Ind;St;CP;Antigamente, de acordo com Abudo, a actividade era bastante rentável, tendo conseguido construir a sua própria casa com material convencional e sustentar oito filhos.;
PTMZ128;expansion;expander;;Final;Simul;PP;Pro;Culm;Alguns dias antes da acção policial, o chefe da aldeia e a chefe do posto administrativo de Namanhumbir reuniram-se com os comerciantes, tendo informado que seriam transferidos para um outro local com melhores condições, tais como energia, água e um posto policial.;
PTMZ129;expansion;expander;;Final;Simul;PP;CP;CP;Foi, também, feito o levantamento dos vendedores a exercerem actividades em 23 mercados da autarquia, tendo sido registados 2.329 contribuintes, 549 ambulantes, 1.404 vendedores e 376 a desenvolverem os seus negócios em barracas.;
PTMZ130;asynchrony;after;;Final;Post;PP;Culm;Culm;Por outro lado, Bô reconheceu que o valor estipulado para o subsídio básico alocado aos idosos é irrisório, tendo afirmado que se deve à condição económica, à extensão do país e ao propósito de atingir um número maior de beneficiários. “ Na verdade, gostaríamos de dar mais aos nossos idosos, mas, como sabemos, somos um país vasto e com muitas pessoas a viverem na pobreza absoluta. É por causa disso que tentamos partilhar com todos o pequeno bolo que temos ", disse.;
PTMZ131;elaboration;specific;;Final;Simul;PP;CP;Culm;Na ocasião, Dany Wambire destacou a importância do livro e do concurso em si, tendo afirmado que se trata de um livro escrito pelos alunos e para eles mesmos, sendo usado na sala de aula como material de leitura.;
PTMZ132;asynchrony;before;;Final;Ant;PP;Culm;Culm;Em representação da extinta Liga Muçulmana, Anabela Cossa conquistou a terceira Taça dos Clubes Campeões Africanos, tendo derrotado na final o Interclube por dez pontos: 53-43.;
PTMZ133;asynchrony;after;;Final;Post;PP;Culm;Culm;Recorde-se que Moçambique, na primeira edição deste torneio, sob comando de Martinho Fernandes, afastaram a sua congénere sul-africana na lotaria de grandes penalidades, nas meias-finais, tendo perdido na final para o Zimbabwe, também na decisão das grandes penalidades.;
PTMZ134;asynchrony;after;;Final;Post;PP;Culm;Culm;O grande prémio do concurso foi ganho por Anguista Tomás, aluna da Escola Primária Completa de Nharichonga, tendo recebido das mãos do Administrador do Distrito, um computador laptop, pasta, livros infanto-juvenis, diploma de mérito, camiseta distintiva e cinco exemplares da antologia “ À volta da fogueira " com as 20 melhores histórias escritas pelos alunos de Nhamatanda.;
PTMZ135;cause;result;;Final;Post;PP;St;Culm;No jogo um do “ play-off ", realizado a 7 de Agosto de 2016, o Ferroviário da Beira foi mais forte, tendo vencido o seu adversário por 77-56.;
PTMZ136;expansion;expander;;Final;Simul;PP;St;Pro;Na cidade de Maputo, a Frelimo escolheu Eneas Comiche, que já foi edil da capital de 2004 a 2008, quando saiu vencedor no escrutínio de 2003, tendo exercido um mandato.;
PTMZ137;expansion;expander;;Final;Ant;PP;Culm;Culm;A Associação Moçambicana para Promoção do Cooperativismo Moderno – AMPCM – foi premiada na categoria de Melhor PME com Produto Manufacturado, tendo ficado em segundo lugar na 53ª edição da FACIM 2017.;
PTMZ138;elaboration;specific;;Final;Simul;PP;Pro;Culm;O Ministro, falou também das mais-valias que o governo encaixou em 2017 no valor de 350 milhões de dólares, tendo dito que, parte do valor será usado no próximo ano.;
PTMZ139;expansion;expander;;Final;Ant;PP;Culm;CP;De acordo com o CNE, Maduro foi reeleito com 5.823.728 votos, tendo sido registados um total de 8.603.936 votos válidos, que correspondem a uma participação de 46 % dos 20.527.571 eleitores.;
PTMZ140;cause;result;;Final;Simul;PP;Culm;Culm;No total são sete indivíduos que se dedicavam ao roubo de combustível nos tanques da Petromoc na Matola, mas um dos participantes conseguiu escapar da polícia tendo sido neutralizado apenas seis.;
PTMZ141;asynchrony;after;;Final;Post;PP;Culm;St;Para além de Bruno Langa, outro jogador que é “ recuperado " por Abel Xavier para integrar a selecção nacional sub-23, é Kamo Kamo, jogador que foi chamado pela última vez para a pré-convocatória diante da Guiné-Bissau, tendo falhado a lista dos convocados para o duplo embate frente a Namíbia.;
PTMZ142;expansion;expander;;Final;Simul;Pres-Ind;St;St;Edson Sitoe, ou simplesmente, Mexer de 29 anos, tem passagem pelo campeonato português tendo representado equipas como o Sporting, Olhanense e Nacional, onde fez 97 jogos e marcou dois golos.;
PTMZ143;expansion;expander;;Final;Ant;Pres-Ind;St;Culm;A estreante Escola de Sargentos de Boane soma e segue, sem nenhuma derrota, tendo vencido nesta terceira jornada o Vulcano de Maputo, por claros 3-0.;
PTMZ144;asynchrony;after;;Final;Post;PP;Culm;Culm;Lourenço revelou que Angola vai beneficiar do financiamento do Fundo Monetário Internacional em condições melhores que o crédito de outros bancos comerciais, tendo garantido que não há nada a temer.;
PTMZ145;elaboration;specific;;Final;Simul;PP;Pro;Culm;Em entrevista com jornalistas, Maleiane falou também das mais-valias da transação entre a Exxon Mobile e a ENI, tendo dito que o valor continua intacto, apesar de terem surgido situações de emergência na sequência de chuvas e ventos fortes no centro e norte do país.;
PTMZ146;expansion;expander;;Final;Simul;PP;CP;CP;No decurso do primeiro semestre deste ano, o grupo Obtala, com 10 concessões florestais em Moçambique, obteve uma facturação de 7,3 milhões de dólares, tendo processado no segundo trimestre 3.;
PTMZ147;elaboration;specific;;Final;Simul;PP;Pro;Culm;Os secretários provinciais para a área de Organização, Formação e Quadros, e da Organização da Juventude Moçambicana ( OJM ), em Tete, respectivamente Rodrigues Gastene e Aleixo Siedade também enalteceram os feitos do Presidente da República, tendo destacado o fim das hostilidades militares, que está a possibilitar a livre circulação de pessoas e bens de um canto para outro no território nacional.;
PTMZ148;expansion;expander;;Final;Simul;PP;CP;St;Actuou 60 vezes pela selecção portuguesa, tendo sido capitão em 21 jogos.;
PTMZ149;asynchrony;after;;Final;Post;PP;Culm;Culm;Presente no acto, a viúva de Paulus Gerdes agradeceu o gesto, tendo deixado à universidade um espólio do autor.;
PTMZ150;elaboration;specific;;Final;Simul;PP;CP;CP;Com o Brasil, o principal parceiro comercial mundial, a China trocou mercadorias no montante de 72,83 mil milhões de dólares ( + 29,26 % ), tendo vendido aquele país da América do Sul bens no valor de 23,50 mil milhões de dólares ( + 33,12 % ) e comprado produtos no valor de 49,33 mil milhões de dólares ( + 27,50 % ). ;
PTMZ151;expansion;expander;;Final;Simul;PP;CP;Culm;O clube de Barcelona, pelo qual Ronaldinho Gaúcho jogou entre 2003 e 2008, tendo sido eleito por duas vezes o melhor da FIFA, homenageou o craque brasileiro por razão da sua retirada dos relvados.;
PTMZ152;elaboration;specific;;Final;Simul;PP;Pro;Culm;O antigo dirigente falou dos perigos de não se honrar com os compromissos da dívida, tendo destacado a perda de confiança. “ Sem confiança nao há investimento, sem investimento não há desenvolvimento, sem desenvolvimento não há emprego ".;
PTMZ153;cause;result;;Final;Post;PP;Culm;St;Assim, para ultrapassar a diferença, os membros da CNE optaram por submeter os resultados à votação, tendo havido três abstenções, seis votos contra e oito votos a favor.;
PTMZ154;elaboration;specific;;Final;Simul;PP;CP;Culm;De acordo ainda com a PRM indivíduos ainda a monte assaltaram com recurso a arma de fogo escritórios de uma empresa na cidade de Nampula tendo se apoderado de um cofre metálico que continha somas de dinheiro em metical em dólar.;
PTMZ155;asynchrony;after;;Final;Post;PP;Culm;Culm; José Pacheco, Max Tonela e Higino de Marrule foram nomeados, ontem, para os cargos de ministros dos Negócios Estrangeiros e Cooperação, Recursos Minerais e Energia e Agricultura e Segurança Alimentar, respectivamente, tendo hoje sido empossados.;
PTMZ156;asynchrony;after;;Final;Post;Pres-Ind;Culm;Culm;Muitos migrantes referem ter fugido a conflitos e perseguições, tendo solicitado o estatuto de refugiado.;
PTMZ157;cause;result;;Final;Post;PP;St;Culm;A prova teve como vencedor Bwalya Gilman da Zâmbia com seis pontos, os mesmos que Mwale Joseph, do Mali, tendo recebido 60 e 40 mil meticais, respectivamente.;
PTMZ158;expansion;expander;;Final;Simul;PP;CP;Culm;A ministra da Saúde, Nazira Abdula, que se encontra na província desde quinta-feira, visitou ontem o Centro, tendo apelado ao reforço nas medidas de prevencão, de forma a evitar óbitos e alastramento da doença.;
PTMZ159;conjunction;null;;Final;Simul;PP;St;St;O projecto foi financiado pela Organização Internacional para as Migrações ( OIM ), em parceria com os Governos Municipal e Provincial, tendo custado perto de meio milhão de dólares.;
PTMZ160;expansion;expander;;Final;Ant;PP;Culm;CP;Presidente do Botswana, Makgweetsi Masisi terminou esta sexta-feira a sua visita de Estado ao país, tendo escalado a província de Gaza e Maputo, onde conheceu de perto empreendimentos económicos e diz ter ficado bastante impressionado com o que viu.;
PTMZ161;elaboration;specific;;Final;Simul;PP;CP;Pro;Apesar da chuva que teimava em cair visitou uma das melhores instâncias turísticas desta praia, tendo percorrido alguns dos seus cantos e no final mostrou-se bastante impressionado. “ É muito bom, estamos mesmo impressionados com esta vinda a Gaza, e esperamos dizer isso ao governo e vamos planear para algumas pessoas virem aqui.;
PTMZ162;elaboration;specific;;Final;Simul;PP;CP;CP;Com o Brasil, o principal parceiro comercial mundial, a China trocou mercadorias no montante de 72,83 mil milhões de dólares ( + 29,26 % ), tendo vendido aquele país da América do Sul bens no valor de 23,50 mil milhões de dólares ( + 33,12 % ) e comprado produtos no valor de 49,33 mil milhões de dólares ( + 27,50 % ).;
PTMZ163;elaboration;specific;;Final;Simul;PP;Pro;Culm;Nyusi falou das áreas de conservação no país, tendo destacado a delimitação de 25 % do território nacional como áreas de conservação.;
PTMZ164;asynchrony;after;;Final;Post;PP;Culm;CP;A Livraria Minerva foi inaugurada a 14 de Abril de 1908, tendo organizado a sua primeira Feira do Livro em 1935. Em 2013, a Minerva foi agraciada com a atribuição do selo Orgulho Moçambicano.;
PTMZ165;asynchrony;after;;Final;Post;PP;Pro;Culm;Segundo a chefe das Relações Públicas da PRM em Manica, os referidos agentes, dirigiram-se na última sexta-feira à residência de um cidadão, onde munidos de uma pistola e algemas molestaram-no, tendo roubado o referido valor.;
PTMZ166;conjunction;null;;Final;Simul;PP;Pro;Pro;O governante britânico, destacou e elogiou o papel do Presidente da República, para o alcance da paz efectiva e duradoura e na criação de um ambiente de negócios favorável ao investimento, bem como pelos esforços para o combate aos malfeitores no norte da Província de Cabo Delgado, tendo mostrado a disponibilidade do governo britânico, em apoiar Moçambique para a sua eliminação.;
PTMZ167;cause;result;;Final;Simul;PP;Culm;St;O País apurou que no dia 23 de Agosto a aldeia de Ilala foi atacada, tendo havido dois mortos e no dia 7 de Setembro houve mais uma acção dos criminosos na aldeia de Namaneco, os dois casos no mesmo distrito de Macomia, pelo que há mais de uma semana que algumas famílias dormiram no mato.;
PTMZ168;cause;result;;Final;Simul;PP;CP;CP;Informações confirmadas no terreno, ao O País, indicam que, na noite desta quarta-feira, os homens denominados Al-Shaabab assaltaram a localidade de Namuluco, distrito de Quissanga, tendo matado cinco pessoas, das quais três carbonizadas e duas catanadas.;
PTMZ169;cause;reason;;Final;Ant;PP;Culm;St;Miwa Sado, jornalista na estação pública do Japão NHK, morreu depois de ter feito 159 horas extraordinárias mensais, tendo apenas tido dois dias de folga num mês.;
PTMZ170;conjunction;null;;Final;Simul;PP;CP;CP;Borges afirmou que a segurança alimentar em Nampula está garantida porque a campanha agrária 2016/17 foi bem-sucedida. “ Na época transacta produzimos nove milhões e 328 mil toneladas, numa área de um milhão e 953 hectares, tendo a agricultura contribuído com 41.9 por cento na produção global da província ", asseverou a fonte.;
PTMZ171;expansion;expander;;Final;Ant;Pres-Ind;St;Culm;O Município está a concluir o mercado grossista, a semelhança, do Grossista do Zimpeto, com a capacidade para estacionamento de viaturas, compartimentos diversos para a venda, sector de produção de gelo e compreende ainda todo o sistema de saneamento, tendo custado cerca de vinte e milhões de meticais.;
PTMZ172;asynchrony;after;;Final;Post;PP;Culm;Pro;No primeiro dia de campanha, a Frelimo saiu a rua em caravana, tendo rodado pelas artérias da cidade de Quelimane.;
PTMZ173;asynchrony;after;;Final;Post;PP;Culm;CP;Depois de neste domingo terem sido resgatados quatro adolescentes, presos numa caverna, na Tailândia, as operações de resgate reiniciaram esta segunda-feira, tendo sido salvos mais quatro.;
PTMZ174;cause;reason;;Final;Simul;PP;Pro;CP;O governador do Banco de Moçambique, Rogério Zandamrla, diz que a inflação melhorou de forma siginficativa, tendo baixado de 27 % em Novembro de 2016 para 7,5 % em Novembro de 2017.;
PTMZ175;expansion;expander;;Final;Simul;PP;Culm;St;Tomei aquela por uma conversa de ébrio, até que hoje, dia 1 de Janeiro de 2018, li no Público de 31 que o quadro de Da Vinci, Salvator Mundi, um dos símbolos da arte cristã, foi rematado num leilão por trezentos e oitenta e dois milhões de dólares, tendo sido a quantia expedida pelo Departamento de Cultura e Turismo de Abu Dhabi, a capital dos Emiratos Árabes Unidos, onde abrilhantará as paredes da sucursal do Louvre.;
PTMZ176;asynchrony;after;;Final;Post;PP;Pro;Culm;Os senegaleses controlaram o primeiro quarto, tendo vencido por 21-16.;
PTMZ177;expansion;expander;;Final;Simul;Pres-Ind;St;St;Depois de um ciclo de lesões, o defesa central está em boa forma neste início de época, tendo sido titular nas primeiras três jornadas da Liga da França, diante do Lille, Angers e Marselha.;
PTMZ178;expansion;expander;;Final;Simul;PP;St;CP;Mano, lembre-se, foi durante algum tempo titularíssimo nos Mambas, tendo feito a campanha para o CAN-2010, em Angola.;
PTMZ179;cause;reason;;Medial;Ant;PP;St;CP;Excelente jogadora, tendo contribuído com 17 pontos e três ressaltos na final, Alicia Devaughn foi considerada MVP.;
PTMZ180;cause;result;;Final;Post;PP;Culm;Culm;Na época passada ( 2016/17 ), terminou a fase regular em 3? lugar, tendo ganho, por isso, o acesso aos quartos-de-final da prova.;
PTMZ181;cause;result;;Final;Simul;PP;St;Culm;Tamara Seda esteve em evidência, esta temporada, no UTEP Miners, tendo sido indicada para a segunda equipa da “ C-USA Conference ".;
PTMZ182;cause;result;;Final;Simul;PP;CP;St; Tamara Seda arrancou 13 duplo-duplos, tendo sido a segunda melhor atleta da conferência nesta componente, para além de ter sido a quarta melhor ressaltadora com 9,3 ressaltos por jogo.;
PTMZ183;expansion;expander;;Final;Simul;PP;Pro;St;Ano passado reforçou o Costa do Sol no campeonato nacional, tendo sido vice-campeã nacional.;
PTMZ184;cause;result;;Final;Simul;PP;Culm;St;Na competição, obteve a média de 9,2 por jogo e 8,6 ressaltos, tendo sido a segunda melhor marcadora da selecção nacional.;
PTMZ185;asynchrony;after;;Final;Post;Cond;CP;Culm;Francisco Esaú Cossa formar-se-ia então na recém-criada Faculdade de Educação em 1978 e 1980 como professor de História e Geografia, tendo sido colocado na província do Niassa.;
PTMZ186;cause;reason;;Final;Ant;Pres-Ind;St;CP;Montalvo é considerado um dos melhores violinistas do mundo, tendo sido nomeado e premiado mais de dez vezes.;
PTMZ187;expansion;expander;;Final;Simul;PP;St;CP;Um balanço à edição do passado ano de 2016 indica que o Festival Teatro de Inverno movimentou cerca de 250 artistas, entre actores, dançarinos e músicos, tendo registado uma assistência de pouco mais 3.000 pessoas que durante quatro finais de semana aderiram aos locais de realização dos espectáculos.;
PTMZ188;elaboration;specific;;Final;Simul;PP;Pro;Culm;Depois de cortar a fita que simboliza a inauguração, a governadora de Gaza, Stela Pinto da Graça Zeca, falou da importância do banco, tendo destacado o encurtamento de distâncias.;
PTMZ189;asynchrony;after;;Final;Post;PP;Culm;Culm;O edil caiu durante o pequeno-almoço, num dos hotéis da cidade e foi imediatamente socorrido ao Hospital Central de Nampula, tendo dado entrada como óbito. “ Assim aguardamos exames médicos para apurar as reais causas da sua morte ", disse a fonte sem avançar detalhes sobre o caso.;
PTMZ190;conjunction;null;;Final;Simul;PP;Culm;Culm;De acordo com a agência Noticias ao Minuto, Palocci foi condenado por corrupção passiva por ter participado de fraudes em contratos da construtora Odebrecht com a petrolífera Petrobras na construção de 21 sondas, tendo sido também condenado por crimes de branqueamento de capitais.;
PTMZ191;asynchrony;after;;Final;Post;PP;Culm;Culm;Esta plataforma fala de fraca capacidade dos órgãos eleitorais na preparação destes processos. “ As organizações da sociedade civil apelaram aos órgãos de gestão eleitoral que assegurassem que se realizasse sem sobressaltos, tendo chamado atenção para a necessidade de assegurar que a questão dos cadernos eleitorais fosse regularizada.;
PTMZ192;expansion;expander;;Final;Simul;PPC-Ind;St;CP;AIiás, Rodrigo Almeida tem-se destacado no desporto motorizado, tendo participado em 2016 no Campeonato do Mundo “ Rock ", prova que teve lugar em Lunato, na Itália.;
PTMZ193;expansion;expander;;Final;Ant;Pres-Ind;St;Culm; A Empresa Maputo Sul informou que as obras, no seu todo, estão a 85 por cento de execução, tendo sido paralisadas na parte norte da ponte Maputo-Katembe, por causa das divergências com vendedores do mercado 16 de Junho.;
PTMZ194;expansion;expander;;Final;Simul;PP;St;Pro;Foi um director de filmes, produtor, escritor e militar, tendo participado nas campanhas de Itália e Franca, contra o fascismo e nazismo. É frequentemente denominado Pai do Cinema Africano.;
PTMZ195;cause;result;;Final;Simul;PPC-Ind;Pro;St;Composições da Vale Moçambique carregadas de carvão mineral têm sido alvo de ataques armados, particularmente na linha do Sena, que liga Moatize ao porto da Beira, província de Sofala, tendo a empresa sido obrigada a suspender temporariamente a circulação dos comboios.;
PTMZ196;asynchrony;after;;Final;Post;PP;Culm;Culm;Na ocasião, Maleiane desafiou os jovens a terem cultura de trabalho e a desenvolverem projectos de geração de renda, tendo apontado a agricultura como um sector de oportunidades.;
PTMZ197;expansion;expander;;Final;Ant;Pres-Ind;St;CP;Com a concretização da operação de aumento de capital social a estrutura accionista do Moza Banco continua a ser dominada pela Kuhanha S.A, tendo aumentado a sua participação de 80 para 84 % do capital, a Moçambique Capitais com 7,8 %, a NB ÁFRICA, SGPS com 7,5 % e, por fim, António Matos com 0 % de capital.;
PTMZ198;concession;e-raiser;mesmo;Final;Ant;PP;Culm;Culm;Aí comecei a acreditar que era possível, mesmo eu tendo saído de tão longe.;
PTMZ199;exemplification;instance;;Final;Simul;PP;Pro;CP;Em seis anos de governação, alcançou êxitos significativos no campo económico, tendo promovido um plano de desenvolvimento abrangente para erradicar a pobreza e alcançar a igualdade de oportunidades para todos os mexicanos.;
PTMZ200;elaboration;specific;;Final;Simul;PP;CP;Culm;O presidente da Comissão Executiva da Moztech, Daniel David, descreveu, através de números, aquilo que foram os três dias de exposição e debates da maior feira nacional de tecnologias, tendo destacado a afluência de mais de 7 mil pessoas.;
ENBE1;asynchrony;before;;Medial;Ant;Pres;St;Culm;Insiders tell me they are astonished at the naivety of some members of the board who, having accepted appointment despite knowing they were not recommended by the arm’s-length appointment process, are now horrified to find themselves in reputation-damaging dust-up.;
ENBE2;exemplification;instance;;Final;Simul;PresP;St;Pro;He’s been a playwright and a script-doctor in the Hollywood machine ( having worked on Analyze This and Gangs of New York ), but his own stories are the ones that really shimmer, and he clearly draws on his playwriting experience to craft conflicted, confused characters at turning points in their lives.;
ENBE3;asynchrony;before;;Initial;Ant;Pst;Culm;Culm;Having initially denied responsibility, Prause then told detectives he became angry after Coleman made a jokey comment about him needing to grow up and responded by attacking her with a hammer he was holding.;
ENBE4;cause;reason;;Initial;Ant;Pst;Culm;CP;The jogger became notorious after CCTV footage was released but, in June this year, having investigated 50 people, police said they were closing the case as all lines of inquiry had been exhausted.;
ENBE5;expansion;expander;;Final;Ant;Pst;St;Culm;Vichai, 60, was a hugely popular figure at Leicester, having bought the club for £ 39m in 2010.;
ENBE6;cause;reason;;Final;Ant;PstImp;St;Culm;The self-made billionaire and father of four was also respected locally for his charity work, having donated £ 2m to Leicester children’s hospital.;
ENBE7;cause;reason;;Initial;Ant;Pst;CP;Pro;Having served his country, he became a great believer in the need for change and to stop unnecessary wars.;
ENBE8;cause;reason;;Initial;Ant;Cond;St;Pro;Having endured these videos, it would be easy to cast the workers as the arch-villains of meat production.;
ENBE9;asynchrony;before;;Final;Ant;Pres;St;CP;She is a Trustee of Help Musicians UK and a member of their health advisory board, having become involved with the charity after hearing about their Music Minds Matter project, and as a singer and flautist herself she’s a great fan of the north-east’s vibrant musical and cultural scene.;
ENBE10;cause;reason;;Initial;Ant;Pres;St;Pro;Having suffered from anxiety and depression since she was a teenager, she sometimes needs to seek advice, and here her aversion to phone calls becomes problematic.;
ENBE11;cause;reason;;Final;Ant;Pres;St;Culm;The cost to me was nothing, and I was grateful because I was skint (ter pouco dinheiro), having just started back in the civilian working world.;
ENBE12;cause;reason;;Final;Simul;Pst;Pro;Pro;He covered the EU and Brexit, having spent a couple of months living in Brussels this year.;
ENBE13;asynchrony;before;;Final;Ant;Pst;St;St;And after he left No 10, he supported Macmillan’s application to join the EU, having privately opposed Eden’s ill-fated Suez expedition in 1956.;
ENBE14;asynchrony;before;;Final;Ant;Pst;Culm;St;Heywood announced his retirement on medical advice late last month, having been on a period of leave after being diagnosed with cancer in June last year, and was awarded a life peerage, becoming Lord Heywood of Whitehall.;
ENBE15;cause;reason;;Initial;Ant;Pst;CP;CP;But in the past few years ( having filled our homes with Ikea ) the pull to actually look like our wry (irónicos, humor seco), cold, geographical cousins took over.;
ENBE16;cause;reason;;Final;Simul;PresP;CP;St;Formerly the sports arm of Al Jazeera, beIN has become the dominant broadcaster in the region having had huge, sustained investment from Qatar state funds.;
ENBE17;asynchrony;before;;Initial;Ant;Pst;Culm;Culm;"Having secured one package of 42 matches in the current deal, and the rights to all UK broadcasts of the Champions League, BT Sport said it had “ remained financially disciplined "" in the auction for the 2019-22 rights.";
ENBE18;cause;reason;;Final;Ant;PresP;CP;Culm;I’ve grown out of this, having realised that 30 % of my mental activity in the night is pure flotsam (devaneio): remembering Danny DeVito used to be a hairdresser for corpses; feeling sad about female ferrets, who die after a year of not having sex or wondering what sleep is even for and why it hates me.;
ENBE19;cause;reason;;Final;Ant;Pres;St;Culm;It is already in development, the Senegalese president having gifted the rapper 2,000 acres ( akres? ) of land five minutes from the international airport.;
ENBE20;cause;reason;;Initial;Ant;Pst;St;Culm;Having quit acting, I no longer wanted to speak in lengthy soliloquies, entirely improvised, which is what voicemails are.;
ENBE21;cause;reason;;Initial;Ant;Pst;CP;Culm;"Curious, emboldened by the reduced stigma, and having Googled “ is Caroline Flack a gateway drug to the Kardashians? "", I gave the first episode a watch.";
ENBE22;cause;reason;;Initial;Ant;Pres;St;CP;Having watched some of the dances again, my money ’s on Graeme; I fear his time has come.;
ENBE23;asynchrony;before;;Initial;Ant;Pst;Culm;St;Having expressed disquiet (inquietação) early on in the cabinet meeting, he was firmer with Smith – he’d been cut out of key decisions and wanted the chance to change the deal while there was still time.;
ENBE24;cause;reason;;Initial;Ant;Pst;Culm;St;Worse still, having been forced to confront his misgivings (apreensão), Gove was no longer able to tell the PM that he could stay in the cabinet.;
ENBE25;cause;reason;;Medial;Ant;Pst;St;CP;But to understand the forces that have brought the company to its knees, we can begin in that exciting period of the mid-19th century when newspapers – having been freed from the so-called taxes on knowledge – were the sole means of mass communication.;
ENBE26;asynchrony;before;;Initial;Ant;PstCont;Culm;St;Having summoned  to life such unlikely events as a re-enactment of Christs Passion in industrial Port Talbot and ancient Greek tragedy in the Brecon Beacons, this summer NTW is attempting an even more audacious challenge: making site-specific theatre from the first world war.;
ENBE27;asynchrony;before;;Initial;Ant;Pst;Culm;Culm;Having cut his teeth (começar a prática/ experiência) with indies such as George Washington and All the Real Girls, Green swerved (mudar readicalmente) into the stoner comedy genre with Pineapple Express – and there’s a surprise whiff of this in Halloween, which he co-wrote with Jeff Fradley and Danny McBride.;
ENBE28;exemplification;instance;;Final;Simul;Pst;St;Pro;Khashoggi previously had close links with the Saudi royal family, including having served as a media aide to Prince Turki al-Faisal, when the latter was director general of the Saudi intelligence agency.;
ENBE29;cause;reason;;Final;Ant;Cond;St;Culm;Clearly, Little Mix would have every right to furiously resent the comparison, with the Shout Out to My Ex legends having recently split with Simon’s record label over some perceived arsiness on the part of their management company.;
ENBE30;cause;reason;;Initial;Ant;Pres;St;Pro;Having survived two instances of anaphylaxis, the threat of a reaction inhibits my lifestyle.;
ENBE31;cause;reason;;Final;Ant;Pst;Culm;CP;During her first night there she tried to kill herself, having been moved to an area she did not know, with little support or counselling.;
ENBE32;asynchrony;before;;Final;Ant;Pres;St;CP;She has strong medical reporting experience, having completed further studies in epidemiology and biostatistics.;
ENBE33;cause;reason;;Final;Ant;Pst;St;Pro;The company said Guardian News & Media Limited, the core business that is publisher of the Guardian, was still on track to break even on an operating basis by the end of the next financial year, having undertaken a radical turnaround plan.;
ENBE34;asynchrony;before;;Initial;Ant;Pst;Culm;CP;Having rewritten the schedule so Labour could ride to the rescue, they saw the very people who were supposed to be shoring up the remain message drawing attention to their biggest weakness.;
ENBE35;cause;reason;;Initial;Ant;Pst;Culm;Culm;Having failed to prepare, Duckenfield admitted 26 years later that he also failed profoundly at the match itself.;
ENBE36;asynchrony;after;;Final;Post;Pst;Pro;Culm;Salaam served more than five years in prison for a crime that he did n’t commit, having been released in 2002 along with the others of the Central Park Five.;
ENBE37;exemplification;instance;;Final;Simul;PresP;St;Pro;Jesse Jackson has had more personal experience of racial violence than most people, having participated in the Selma to Montgomery civil rights marches and having been present at the assassination of Martin Luther King 50 years ago.;
ENBE38;exemplification;instance;;Final;Simul;PresP;St;St;Jesse Jackson has had more personal experience of racial violence than most people, having participated in the Selma to Montgomery civil rights marches and having been present at the assassination of Martin Luther King 50 years ago.;
ENBE39;asynchrony;before;;Initial;Ant;PresP;CP;Pro;Having lain dormant and then only been used for professional announcements, davidsimon.com has now become a place where Simon has, over the last few years, written occasional often coruscating posts on anything from the NSA to the policing of the Ferguson riots.;
ENBE40;cause;reason;;Initial;Ant;Pres;St;Culm;Having lost the plebiscite by only 0.4 % of the vote, Santos aims to incorporate changes suggested by the No camp in an effort to get the deal through.;
ENBE41;asynchrony;before;;Initial;Ant;PresP;CP;St;Having lain dormant and then only been used for professional announcements, davidsimon.com has now become a place where Simon has, over the last few years, written occasional often coruscating posts on anything from the NSA to the policing of the Ferguson riots.;
ENBE42;cause;reason;;Medial;Ant;Pst;Culm;Pro;With just two weeks to go to opening night, Jake, 20, having endured a telling-off from Norris for his failure to show up the previous day, marched out of the studios and declared he was off.;
ENBE43;cause;reason;;Initial;Ant;Pres;St;St;We have also passed an important tipping point: having been digital-first in our journalism for many years, over 50 % of our income now comes from the digital products and services that we offer.;
ENBE44;exemplification;instance;;Final;Simul;PresP;St;Pro;Before joining GNM she has had a long and varied career in media and marketing having spent seven years at Google and YouTube, resulting in a three-year stint running global consumer marketing out of their San Francisco HQ.;
ENBE45;cause;reason;;Initial;Ant;Pst;St;Culm;Having been to the Education Centre with older year groups, I knew that students would experience creative and time-pressured challenges.;
ENBE46;cause;reason;;Initial;Ant;Pst;St;CP;Having developed an Android app for my university dissertation, it was a great team to join as the learning curve was n’t quite so steep.;
ENBE47;asynchrony;before;after;Final;Ant;Pst;Culm;Culm;In December, their post showing what was in fact a male nipple was removed after having been found to have violated Instagram’s community standards.;
ENBE48;cause;reason;;Medial;Ant;Pres;St;Culm;Indeed, Im lectured far too frequently by middle-class and upper-middle-class women about it being all men at the top, when its quite clear to me that they, having been born to the right parents and gone to the right schools, are much more likely to achieve those high-flying positions than the likes of I.;
ENBE49;cause;reason;;Medial;Ant;Pres;St;Culm;Indeed, Im lectured far too frequently by middle-class and upper-middle-class women about it being all men at the top, when its quite clear to me that they, having been born to the right parents and gone to the right schools, are much more likely to achieve those high-flying positions than the likes of I.;
ENBE50;cause;reason;;Final;Ant;Pres;St;Culm;Salman Rushdie, who won the prize in 1981 for Midnight’s Children, is likely a favourite to win, having already won the Best of Booker award in 2008, to mark the prize’s 40th anniversary, and the Booker of Bookers in 1993, for its 25th birthday.;
ENBE51;asynchrony;before;;Initial;Ant;Pst;Culm;St;"Having briefly been a copywriter for Ogilvy & Mather, he now rejoined the agency on a part-time basis, and settled down to write the book he was beginning to call Midnight’s Children, having rejected Children of Midnight as “ banal"".";
ENBE52;cause;reason;;Initial;Ant;Pres;St;Pro;She said: “ As a journalist and having worked as a reporter for over 20 years, I only believe what I see with my own eyes, and what I saw was that they look completely like the people in the video which was released by the British police.;
ENBE53;cause;reason;;Initial;Ant;Pres;St;CP;Having overcome the funding challenges that limit the ambitions of many growing firms, there is one further boost GRE would dearly like to see in the near future: havingaccess to a fast broadband connection.;
ENBE54;asynchrony;before;;Final;Ant;Pst;St;Pro;Her son, Ri Sang-hol, a 71-year-old, looked not much younger than his mother having spent more than six decades in the North since the war ended in 1953.;
ENBE55;asynchrony;before;after;Initial;Ant;Pst;Culm;Culm;After having shown a footage of Tony Blair apologising for the mistakes made by British intelligence in the run-up to the Iraq war, he told reporters: “ The British Government still has n’t produced any evidence in support of its position that would confirm their official version.;
ENBE56;asynchrony;before;;Medial;Ant;Pres;St;Culm;In another meeting, Mark Turnbull, managing director of CA Political Global, described how, having obtained damaging material on opponents, the company can discreetly promote it on to the internet.;
ENBE57;asynchrony;before;;Final;Ant;Pres;St;Pro;The UK interest rate is currently at 0.75 per cent, having been increased from 0.5 per cent in August this year.;
ENBE58;asynchrony;before;;Final;Ant;Pst;Culm;CP;"And Captain Kyd also took the opportunity to warn about the “ deeply frightening future "" of warfare as he prepared to hand over command of the ship, having safely brought it across the Atlantic. HMS Queen Elizabeth – pictured with the Statue of Liberty in the background – and HMS Prince of Wales have been designed to work alongside F-35 stealth jets.";
ENBE59;cause;reason;;Final;Ant;Pres;St;St;Commanding Officer Captain Jerry Kyd, who was the captain of HMS Ark Royal, commented on the landings, saying: “ I am quite emotional to be here in HMS Queen Elizabeth seeing the return of fixed wing aviation, having been the captain of the aircraft carrier which launched the last Harrier at sea nearly eight years ago.;
ENBE60;cause;reason;;Final;Ant;Pres;St;CP;Nor has the DUP any claim to speak for the majority, having gained only 36 percent of the Northern Irish vote in 2017.;
ENBE61;asynchrony;before;;Final;Ant;Pst;Culm;Culm;Ian and Sally Hunter of Sandwich Bay Bird Observatory in Kent say he dropped in last month having been ringed (anel de identificação pássaro)six months earlier in Lithuania – 875 miles away.;
ENBE62;expansion;expander;;Final;Ant;PresCont;St;Pro;He is currently being investigated, having only worked for the airport for three days.;
ENBE63;asynchrony;before;;Initial;Ant;PstP;CP;CP;Having earned cash by working for the film crew, August had splurged on the trappings of the new economy.;
ENBE64;cause;reason;;Final;Ant;PresP;St;Pro;Colombia’s Amazon region has been at the heart of vital conservation efforts having suffered 66 per cent of the country ’s deforestation.;
ENBE65;cause;reason;;Final;Ant;GS;Culm;St;A Malaysian tribe was also recently discovered living in stilted communities on the water, having been left isolated from the land.;
ENBE66;expansion;expander;;Final;Ant;Pres;St;Culm;Whilst bizarre, there are more sheep on the island than the 50,451 people living there, having once been called Sheep Island.;
ENBE67;cause;reason;;Initial;Ant;Pres;St;Culm;Summing up the impact of his research Prof Taylor said that having proved Type 2 diabetes can be reversed by a radical weight-loss diet, those diagnosed with the condition now have a stark choice.;
ENBE68;cause;reason;;Initial;Ant;Pst;Culm;Culm;"Having discovered her sister was pregnant, Maxine said she feared never meeting the youngster if she “ died on the operating table "".";
ENBE69;asynchrony;before;;Initial;Ant;Pst;Culm;Pro;Having tried out different medication in order to lower her blood pressure, the results still came in at around 191/112 - much to her doctor’s concerns.;
ENBE70;asynchrony;before;;Initial;Ant;Pres;Culm;Culm;Having kickstarted weight loss, fruit is reintroduced in the second stage, as well as increasing the amount of starchy carbohydrates.;
ENBE71;asynchrony;before;;Final;Ant;PresP;Pro;Pro;Schumacher has been linked with Toro Rosso in recent weeks having previously seen talk of joining Ferrari make headlines.;
ENBE72;cause;reason;;Final;Ant;Pres;St;CP;Michael Schumacher is considered one of the greatest F1 drivers ever having collected a record seven titles.;
ENBE73;cause;reason;;Final;Ant;PresCont;St;Culm;The German’s son Mick is shaping up to follow in his footsteps having secured F3 glory this year.;
ENBE74;cause;reason;;Final;Ant;Pres;St;CP;Schumacher sr. is widely regarded as one of the world’s greatest ever racing drivers having won seven F1 titles.;
ENBE75;asynchrony;before;;Final;Ant;Pst;Culm;St;Misty last erupted in 1985, having lain dormant for 198 years prior to that.;
ENBE76;asynchrony;before;;Final;Ant;Pres;St;St;Lane is currently a category 4 hurricane, having been briefly designated category 5 before being downgraded yesterday.;
ENBE77;asynchrony;before;;Final;Ant;Pres;St;Pro;Many of the displaced families that have been forced to move are expected to be relocated to the surrounding villages having been housed in temporary shelters.;
ENBE78;expansion;expander;;Final;Ant;Pres;St;St;The volcano is one of the most deadly in the world since it returned to life in 2010 having been dormant for around 400 years.;
ENBE79;cause;reason;;Final;Ant;Pst;Culm;Culm;At least 11 bottlenose dolphins are feared to have been killed, while the corpse of a 26-foot whale shark, the planet’s largest species of fish, was also washed ashore having been poisoned along with more than 260 marine turtles.;
ENBE80;asynchrony;before;after;Initial;Ant;Pst;Culm;St;Writing on Volcano Live website, he says a 1843 eruption was recorded by travelling botanist Henreich Zollinger who wrote: After having been dormant for a long time, this year the mountain began to be alive again.;
ENBE81;concession;e-raiser;despite;Medial;Ant;Pres;St;Culm;What makes this discovery significant, despite its age and having survived the destruction of Pompeii, is this particular fresco is painted so that Leda looks back at the viewer.;
ENBE82;asynchrony;after;;Final;Post;PstP;St;CP;The world’s largest and most popular cryptocurrency had enjoyed a slight resurgence, having fallen 9.22 percent and 5.8 percent in August and September respectively.;
ENBE83;cause;reason;;Initial;Ant;Pres;St;St;Danny Scott, co-founder of CoinCorner, said: “ Having been involved in the Bitcoin space since 2013, I believe that Bitcoin is the most ground-breaking technological innovation since the internet.;
ENBE84;concession;e-raiser;despite;Final;Ant;Pres;CP;Culm;The Goldman Sachs economist suggested market pressure will play a key role on whether the Italian Government carries out its plans despite having signalled no intention to give up the proposed budget.;
ENBE85;cause;reason;;Initial;Ant;Pres;Culm;CP;Having used less money that was planned, an excess of £ 87 is brought back to the UK with further cash lost in conversion fees.;
ENBE86;cause;reason;;Final;Ant;PstCont;St;Culm;The Italian Prime Minister said he was returning to Rome very satisfied having set the right direction on EUs migration policy.;
ENBE87;cause;reason;;Final;Ant;Pst;St;Pro;Local boat owner Shane Jones told walesonline .co.uk: Obviously weve had a lot of rain and when I went down to the harbour at 10.30am this morning the tide was in and there was a lot of water and one boat was upside down having taken in a lot of rainwater.;
ENBE88;cause;reason;;Final;Ant;Pres;St;Culm;"His fellow Cabinet Brexiteers Penny Mordaunt and Esther McVey are also on “ resignation watch "" having expressed their dissatisfaction with the Government’s proposals, set out in its controversial White Paper.";
ENBE89;asynchrony;before;;Initial;Ant;Pres;St;CP;Having set up such a promising scenario, Wade seems uncertain how to develop it and the fantasy ending is fudged.;
ENBE90;asynchrony;before;;Final;Ant;Pres;St;Pro;This Christmas, Titan is in the arid bush country of Mali, having been charted every mile along an epic journey from his home in Suffolk.;
ENBE91;cause;reason;;Initial;Ant;Pst;Culm;Culm;Having been exiled from court and forbidden from seeing Albert and his elder brother Ernst II, Luise married the Baron von Hanstein – who has also been caught up in the speculation about Albert.;
ENBE92;cause;reason;;Initial;Ant;Pst;Culm;Culm;Having been exiled from court and forbidden from seeing Albert and his elder brother Ernst II, Luise married the Baron von Hanstein – who has also been caught up in the speculation about Albert.;
ENBE93;cause;reason;;Final;Ant;Pres;St;CP;The UK is the second largest European contributor to the ExoMars mission, having pumped € 287 million into the mission as well as £ 14 million on the vital instruments.;
ENBE94;asynchrony;before;;Final;Ant;Pst;Culm;Culm;The cryptocurrency was valued at £ 710 ( £ 531.96 ) per unit as of today ( Wednesday ) – having begun the year trading at $ 8.34 ( £ 6.25 ).;
ENBE95;asynchrony;before;;Final;Ant;Pst;CP;Culm;Litecoin rose 8,000 per cent to $ 310.85 ( £ 232.90 ), having started the year at just $ 4 ( £ 3 ) per token, while ripple increased 44 cents ( 33p ) from 0.006 cents ( 0.0045p ) in January, a 7,000 per cent rise.;
ENBE96;cause;reason;;Final;Ant;Pres;St;St;Mrs Dorries – who has a history of rebellious behaviour herself, having been temporarily suspended by her party in 2012 after agreeing to appear on the reality TV show I’m A Celebrity, Get Me Out of Here – added: “ The rebels — ex-ministers, barristers, a banker and a marginalised doctor — represent the consensus of the political elite who have only one objective, to overturn the referendum result.;
ENBE97;asynchrony;before;;Final;Ant;Pres;St;Culm;Walkers stock is sky-high right now having started the season in scintillating form.;
ENBE98;cause;reason;;Final;Ant;Pres;St;CP;James is an NBA star, having won the Championship three times and been named MVP on four occasions.;
ENBE99;cause;reason;;Final;Ant;Pres;St;CP;James is an NBA star, having won the Championship three times and been named MVP on four occasions.;
ENBE100;concession;e-raiser;despite;Initial;Ant;PresP;Pro;Culm;Despite having returned to golf, he has struggled with knee and back injuries and is yet to win another major championship.;
ENBE101;asynchrony;before;;Initial;Ant;Pst;Culm;Pro;Twenty years ago this morning, having slept on the matter, Margaret Thatcher got up and decided to resign.;
ENBE102;cause;reason;after;Medial;Ant;Pst;St;Culm;If she was failing, she deserved, after having achieved so much, to be allowed to fail at the polls.;
ENBE103;expansion;expander;;Medial;Ant;Pst;St;Culm;Monger, having scored two podiums already that year, was third in the standings.;
ENBE104;cause;reason;;Final;Ant;Pst;St;Culm;Caroline Hunt, who has died aged 95, was one of America’s richest women, having inherited an oil fortune and created a successful hotel business.;
ENBE105;cause;reason;;Final;Ant;Pst;St;CP;Caroline Hunt, who has died aged 95, was one of America’s richest women, having inherited an oil fortune and created a successful hotel business.;
ENBE106;expansion;expander;;Medial;Ant;Pst;Culm;Culm;Mr Griffiths, who is married with a baby daughter having become a father for the first time in April, said he was now working on ...;
ENBE107;expansion;expander;;Final;Ant;Pres;St;CP;SoftBank Group, the parent company of the Vision Fund founded by Masayoshi Son, already has a significant presence in the south Asian country, having made plans to invest up to $ 100bn in solar power projects.;
ENBE108;asynchrony;before;;Final;Ant;Pst;Culm;Culm;Steve Hare, Sages former CFO, officially took up the chief executive post earlier this month, having previously taken the helm on an interim basis, and said he had had a few months to reflect on what I think we need to do.;
ENBE109;cause;reason;;Final;Ant;PresCont;St;Culm;Amazon is investing heavily in live sports streaming having recently acquired broadcasting rights to the Premier League in the UK, as well as NFL games and the US Open tennis championships.;
ENBE110;cause;reason;;Final;Ant;Pres;St;Pro;An MP for more than 22 years, Mr Hughes has unrivalled frontbench experience among the leadership contenders, having served as spokesman for health, environment, education and home affairs.;
ENBE111;expansion;expander;;Final;Ant;Fut;St;Culm;While it will difficult for Mrs May to sack her friend and colleague - having only recently forced Priti Patel, the former Secretary of State for International Development, to resign over undisclosed meetings with Israeli officials - pressure is likely to mount on Mr Green.;
ENBE112;asynchrony;before;;Final;Ant;PstP-Cont;Pro;Culm;A few days earlier, the recently elected leader of Ukip had flown out to Vienna, where his wife had been working since July, having returned to her job of many years to help support his political ambitions and look after their young family.;
ENBE113;cause;reason;;Initial;Ant;PresCont;St;Culm;Having picked up two new Senate seats, NBC is predicting the Republican will maintain their control of the chamber.;
ENBE114;cause;reason;;Initial;Ant;Pres;St;Culm;Having seen Andy Murray’s partnerships with Ivan Lendl up close, Leon Smith also offers an insight into what he thinks Lendl will bring to Zverev’s game.;
ENBE115;cause;reason;;Initial;Ant;Pst;St;Culm;"Having subscribed to the “ whatever I am about to throw out "" school of ­ garden wear, I had to up my game a few years ago when I got an allotment.";
ENBE116;cause;reason;;Initial;Ant;Pst;St;Culm;Being dyslexic and having left school without any qualifications, everyone thought that I was nuts, he states.;
ENBE117;cause;reason;;Final;Ant;Pres;St;Culm;Broad knows how plumb it is, having made his Test debut here in 2007 and bowled 35 overs in the overwhelming heat - England are back on the coast after a slight mitigation of the temperature in Kandy - for his first wicket.;
ENBE118;cause;reason;;Final;Ant;Pres;St;CP;Broad knows how plumb it is, having made his Test debut here in 2007 and bowled 35 overs in the overwhelming heat - England are back on the coast after a slight mitigation of the temperature in Kandy - for his first wicket.;
ENBE119;cause;reason;;Final;Ant;Fut;Culm;Culm;While Australia have imploded since then, Root’s team will end the year second in the Test rankings even if they lose the final Test in Colombo having moved upon spot, displacing South Africa, with this series win.;
ENBE120;cause;reason;;Final;Ant;PresP;St;Culm;England have been bold, as Root had promised, having rowed back (voltar atrás) from being reckless in the opening session of this series in Galle.;
ENBE121;cause;reason;;Medial;Ant;Pst;Culm;Culm;Root, having tossed and turned most of the night, rightly decided to go with his two most accurate finger-spinners - rather than James Anderson with reverse-swing or Ben Stokes with bouncers, or Adil Rashid, who has been erratic in this series even when allowing wrist-spinners their extra latitude.;
ENBE122;cause;reason;;Medial;Ant;Pst;Culm;Culm;Root, having tossed and turned most of the night, rightly decided to go with his two most accurate finger-spinners - rather than James Anderson with reverse-swing or Ben Stokes with bouncers, or Adil Rashid, who has been erratic in this series even when allowing wrist-spinners their extra latitude.;
ENBE123;cause;reason;;Medial;Ant;Pst;St;Pro;Leach, having been through the process, had no such blemish on his sterling performance.;
ENBE124;cause;reason;;Final;Ant;Pst;Culm;Culm;He also won a place in the footnotes of England’s cricket history, having opened the batting and the bowling in the same Test, in the first instance since Graham Gooch.;
ENBE125;cause;reason;;Final;Ant;Pres;Culm;St;First up: can Root make his century, having been stuck in the 90s since 8.45am UK time?;
ENBE126;cause;reason;;Initial;Ant;Pst;Culm;CP;Having been led to believe he would still be in charge of the team for the start of the Euro 2020 campaign, O’Neill expressed his sadness at being told his time had come to an end.;
ENBE127;cause;reason;;Final;Ant;Pres;St;Culm;Still, the manager is also entitled to credit for McGregor’s intervention, having made the call that the Rangers man would be his first-choice goalkeeper ahead of Craig Gordon, who is one of the few Scots in the Parkhead first team not currently savouring automatic selection for the national squad.;
ENBE128;cause;reason;;Final;Ant;Pres;St;Culm;The striker can flick on direct passes to runners, and the midfielders can make runs from deep into space, having blocked the centre of the pitch to protect the defence.;
ENBE129;concession;e-raiser;;Final;Ant;Pst;Culm;St;Mrs Stuart also revealed that it was her experience of trying to negotiate the constitution with the rest of Europe that turned her into a Eurosceptic, having broadly been in favour of the European project until then.;
ENBE130;cause;reason;;Initial;Ant;Pst;Pro;Culm;Having seen the bitterness that a contest can cause, I thought long and hard before deciding that I should write to ask for a vote of no confidence in our present Prime Minister.;
ENBE131;cause;reason;;Initial;Ant;PresP;St;Pro;Having suffered from a brain tumour at a young age, Lewis ’ disabled status has meant multiple changes in his social group throughout his life, due to his sporadic absences from school.;
ENBE132;cause;reason;;Final;Ant;Pres;St;Culm;At 32, he is relatively new at being a landowner-cum-handyman-cum-tour guide, having inherited Mellerstain upon his father’s death two years ago.;
ENBE133;cause;reason;;Initial;Ant;Pst;Culm;Culm;Having entered a state of disrepair during the recession, Ashford Castle was bought in 2013 and painstakingly restored by Red Carnation Hotels.;
ENBE134;cause;reason;;Final;Ant;Pres;St;Culm;Clare, who has supervised the renovation of the forts from his base in Buckinghamshire, is one of Britain’s wealthiest men, having founded the Dreams bed company in the Eighties and sold it for more than £ 200 million in 2008.;
ENBE135;cause;reason;;Final;Ant;Pres;St;Culm;Clare, who has supervised the renovation of the forts from his base in Buckinghamshire, is one of Britain’s wealthiest men, having founded the Dreams bed company in the Eighties and sold it for more than £ 200 million in 2008.;
ENBE136;cause;reason;;Final;Ant;Pst;St;Pro;Lady Mander admits she was nervous about watching it; she was familiar with the character of Reynolds Woodcock, having encountered him almost daily for two months but she was n’t sure how Owlpen would come across.;
ENBE137;cause;reason;;Initial;Ant;Pres;St;CP;Having already visited over 100 countries, they regularly write about their adventures forTelegraph Luxury and other publications internationally.;
ENBE138;cause;reason;;Final;Ant;Pres;St;St;A spokesman for Savills said: “ The company has been bought by a company for the principal benefit of Mr Yuri Schefler of Russia, who is well known to the estate having been a regular visitor in the past.;
ENBE139;asynchrony;before;;Final;Ant;Pst;Pro;Pro;"Countryside experienced “ robust "" trading in July, August and September, having seen a number of cancellations made by home buyers in the immediate aftermath of the vote.";
ENBE140;concession;e-raiser;;Initial;Ant;Pst;Culm;Culm;Helme is at a loss to explain exactly why, with a fledgling business in Wiltshire and having sworn that he would not take on any more restoration projects, he decided to buy an Edwardian mansion in need of a major overhaul hundreds of miles away.;
ENBE141;concession;e-raiser;although;Final;Ant;PresP;St;St;The sport, which always begins on August 12th each year, has been an integral part of the countryside calendar for decades, although having once been an aristocratic hobby, its increasingly at the centre of rows over animal cruelty and class.;
ENBE142;cause;reason;;Medial;Ant;Pres;St;Pro;But my impression, having campaigned to remain in the EU, is that above all else, people throughout this country sought to regain a feeling of control – not just of our laws, but over our lives, too, and the people we elect into office.;
ENBE143;asynchrony;before;;Final;Ant;PresP;Culm;CP;Chalamet is here too – he’s just arrived, having changed out of his white tux.;
ENBE144;expansion;expander;;Final;Ant;Pres;St;St;Get Out’s British star, Daniel Kaluuya, has got to be the coolest nominee this year, having starred in the kind of genre picture – a horror-thriller – which yields acting nominations only once in a blue moon.;
ENBE145;asynchrony;before;;Initial;Ant;Fut;Culm;St;Having taken time off to care for her children with Canadian NHL player Mike Comrie ( whom she split with in January ), Duff will release a new album later this year, and her first lead role in a television series for over ten years, in TV Lands Younger, follows in 2015.;
ENBE146;asynchrony;before;;Initial;Ant;PresP;CP;CP;Having scoured their extensive network of delivery offices, Royal Mail have chosen their 10 favourite scenic postal routes.;
ENBE147;expansion;expander;;Final;Ant;Pres;Culm;CP;The Parisians come into the tie in devastating form, having only lost three times in all competitions this season.;
ENBE148;asynchrony;before;;Medial;Ant;Pres;St;Pro;Allen, who turns 65 on September 2, having survived the naughty Nineties admirably intact, needs to be able to convey gradations of drunkenness for his next theatrical gig.;
ENBE149;cause;reason;;Initial;Ant;Pres;St;Pro;Having experienced all of the above in 50 years of rock ’ n ’ roll picaresque, Fleetwood is candid in his response to his father’s verse.;
ENBE150;asynchrony;before;;Final;Ant;Pres;St;Culm;Commercial whaling has been banned since 1986 under the a moratorium issued by the International Whaling Commission ( IWC ), however in Iceland the government regulates the hunting of whales having expressed reservations about its prohibition.;
ENBE151;cause;reason;;Final;Ant;Pres;St;CP;Zac Poulton, 42, will start as a Fell Top Assessor this week but is no stranger to atrocious weather having led expeditions in Antarctica, Greenland and the Himalayas, as well as having climbed Mount Everest.;
ENBE152;asynchrony;before;;Final;Ant;Pst;Culm;Pro;Miss Thomas was found dead at the scene having suffered multiple injuries and a toxicology report later found she was not under the influence of alcohol at the time of her death.;
ENBE153;expansion;expander;;Final;Ant;Pst;St;St;Labour hoped to retain majority control of the city chambers, having been in power there since 1980, and fielded (put up candidates to satnd in election) 43 candidates for the 85 seats split across 23 multi-member wards.;
ENBE154;cause;reason;;Final;Ant;PresP;St;Pro;She’s certainly got experience on her side, having served as an MP since 1997 – and also working on the team that got Bill Clinton into the White House in 1992.;
ENBE155;asynchrony;before;;Final;Ant;Pres;St;Culm;The veteran left-winger is essentially the Rocky Balboa of the race, having started as a rank outsider but now considered to be the front runner in the race for the top job.;
ENBE156;cause;reason;;Final;Ant;Pres;St;Culm;He’s been an MP for Islington North since 1983 and is known for his far-left, anti-austerity views, having promised to abolish tuition fees, reinstate the Education Maintenance Allowance ( EMA ) and protect vital public services.;
ENBE157;cause;reason;;Initial;Ant;Pst;CP;Culm;But, having forgotten to remove his radio microphone, his real thoughts about the encounter were recorded by broadcasters. âThat was a disaster â   they should never have put me with that woman.;
ENBE158;cause;reason;;Initial;Ant;Pst;Culm;Pro;Having worked as a DJ at house parties, Troi decided it was time to create an event specifically for deaf people, where there’d be no judgment or prejudice.;
ENBE159;cause;reason;;Final;Ant;Pst;Culm;Culm;Gavan was sentenced at the High Court in Edinburgh today, having previously admitted he drove at the children.;
ENBE160;cause;reason;;Initial;Ant;Pres;St;Pro;Alex said: ‘ Having lived through 104 years, you accept people as they are.;
ENBE161;concession;e-raiser;;Initial;Ant;Pst;Culm;St;Trust me – having lived in Florida when I was younger, the only time someone complimented me on my tan was after a weekend break in South Beach.;
ENBE162;asynchrony;before;;Final;Ant;Pres;St;Pro;Zach actually has a history in performance, having also worked as a puppeteer for more than 15 years.;
ENBE163;cause;reason;;Initial;Ant;Pres;Pro;CP;Having famously forged a reputation for ‘ conscious ’ hip hop, Chicago MC Common pointedly bucks (resist) tradition on this eighth album; it ’s pitched as a soundtrack for getting down, in the club and in the bedroom.;
ENBE164;asynchrony;before;;Final;Ant;Pres;St;Culm;It’s the latest award for Jennifer to add to her trophy cabinet, having previously won TV cookery show Hell’s Kitchen in 2004.;
ENBE165;cause;reason;;Initial;Ant;Pst;Culm;St;Having become disgruntled at DC United, Adu was traded to Real Salt Lake in the off-season but has struggled to make his mark with what is the worst team in MLS.;
ENBE166;cause;reason;;Initial;Ant;Pres;CP;Culm;Having broken into the team last year, with four goals in the final nine games of the season, Altidore has made himself a first-team regular this campaign, starting seven of his 11 games and scoring three goals with three assists.;
ENBE167;cause;reason;;Final;Ant;PresP;Culm;Culm;He has fired his way into early consideration for the league’s MVP award, having collected the Player of the Month award for his first full month as an MLS player.;
ENBE168;asynchrony;before;;Final;Ant;Pst;Culm;Pro;Conrad joined the Wizards in 2003, having spent the bulk of his career with the San Jose Earthquakes except for a brief spell with Lech Poznan in Poland.;
ENBE169;asynchrony;before;;Final;Ant;Pres;St;St;The playmaker has two goals and five assists in only seven starts for his club this season, having been absent on Gold Cup duty last month.;
ENBE170;expansion;expander;;Final;Ant;Pres;St;Culm;Although he only turned 23 this year, Johnson already has six years of MLS experience behind him, having made his debut as a teenager for FC Dallas ( then Dallas Burn ).;
ENBE171;cause;reason;;Initial;Ant;Fut;St;CP;Ryanair told Metro.co.uk: ‘ Having consulted with our customers and the airports, customers flying from the UK to Ibiza will no longer be permitted to bring duty free alcohol on board the aircraft.;
ENBE172;asynchrony;before;;Initial;Ant;Pst;Culm;St;Having waited eight months before receiving any nappies and with the costs of buying specialist ones online mounting, the family finally got granted nappies from the local continence service.;
ENBE173;expansion;expander;;Final;Ant;Pres;St;Culm;Robinson is currently barred from the US after attempting to enter the country using a friend’s passport in 2012, having been blocked from travelling because of ‘ multiple criminal convictions, including several for violent conduct and assault as well as mortgage fraud ’.;
ENBE174;expansion;expander;;Final;Ant;Pst;St;Culm;It was the second time Robinson had breached court orders, having narrowly avoided jail in May last year over footage he filmed during the trial of four men who were later convicted of gang-raping a teenage girl.;
ENBE175;cause;reason;;Final;Ant;Pres;St;St;The studios have plenty of experience hosting spooky creations, having been the location for several scary productions including Tim Burton’s Frankenweenie.;
ENBE176;asynchrony;before;;Initial;Ant;Pst;St;Pro;Mr Williams told the court that having driven onto the roundabout he was suddenly aware of a steering problem and immediately decelerated.;
ENBE177;expansion;expander;;Final;Ant;PresP;St;Culm;The pair have been together for over 10 years, having first met on the set of UK film Run Fatboy Run back in 2007.;
ENBE178;cause;reason;;Final;Ant;Pst;Culm;CP;And he finished the month one stone two lbs lighter than when he began, having lost just over two per cent of his body fat.;
ENBE179;asynchrony;before;;Initial;Ant;Pst;Culm;St;Having both starred in the Foos video for the aforementioned The Sky Is A Neighborhood, Harper went a step further by joining her dad’s band on stage in front of 20,000 people during a gig in Iceland back in June 2017.;
ENBE180;cause;reason;;Initial;Ant;Pres;St;Pro;Having presented TV show This Morning together for almost 10 years with co-host Phillip Schofield, the pair are renowned for descending into laughter live on air, as she compared him to more her ‘ office sibling than office husband ’, adding they were ‘ morphing into one person ’.;
ENBE181;cause;reason;;Final;Ant;PresP-Cont;Pro;Pro;The duo this year have been gaining plenty of fans in the run up to the competition in Ukraine, having participated in many of the preview events around Europe.;
ENBE182;asynchrony;before;;Initial;Ant;Pres;St;CP;Having earned 124 caps with Romania, Hagi is now managing Viitorul in his homeland.;
ENBE183;concession;e-raiser;despite;Final;Simul;Pst;St;St;The 30-year-old former Great Britain prop joined his home-town team from school and was shocked last season to be told he was no longer part of their plans, despite having12 months left on his contract.;
ENBE184;asynchrony;before;;Final;Ant;Pres;Culm;Culm;The 26-year-old Brough, who has been on Giants coach Nathan Brown ‘ s radar for more than 12 months, joins Huddersfield immediately having signed a contract to the end of the 2014 season.;
ENBE185;cause;reason;;Final;Ant;Pres;St;Culm;Korkidas is already at Belle Vue, having joined the Wildcats on loan last May, and will be contracted to the end of 2011 while Kirmond is moving to Wakefield on loan to the end of this season.;
ENBE186;cause;reason;;Final;Ant;Pst;Pro;Culm;Today at Minshull Crown Court, Manchester, Ali, now 20, wept as he was locked up for four and a half years having been found guilty of manslaughter at an earlier hearing.;
ENBE187;expansion;expander;;Final;Ant;Pst;St;Culm;Srivaddhanaprabha was the owner of Leicester City, having bought the club in August 2010 when the side were in the Championship.;
ENBE188;asynchrony;before;;Final;Ant;PstCont;St;Culm;Anna Midgley, prosecuting, said the defendant and Sarah Hayton were living at the same hostel in Birmingham, having both been released from prison.;
ENBE189;concession;e-raiser;despite;Initial;Ant;Pst;St;CP;By October 2012, despite having piled on four stone (ganhar 4 kilos), she felt well enough to go travelling around America, South America and the Caribbean with her ex-partner.;
ENBE190;cause;reason;;Initial;Ant;Pst;St;Pro;A specialist recommended Roaccutane this year, but having read about the powerful drug online, Emily worried about how it would affect her mental wellbeing.;
ENBE191;expansion;expander;;Final;Ant;Pres;St;Pro;It looks a near certainty that Hamilton will retain the world title for the second time in his incredible career, having won it previously in 2008, ’ 14, ’ 15 and ’ 17.;
ENBE192;cause;reason;;Initial;Ant;Pres;St;CP;But having been to hell and back as a result of severe depression, if it ’s a choice between being slim and ill or fat and well, a healthy mind takes priority over a healthy body every time.;
ENBE193;asynchrony;before;;Final;Ant;Pst;Culm;CP;Lucy, of Southampton, was found in woodland at Southampton Sports Centre on July 26 having been stabbed to death.;
ENBE194;asynchrony;before;;Final;Ant;Pst;CP;Culm;Shepherd was rescued, having been found clinging to the upturned hull, while his date was recovered unconscious.;
ENBE195;asynchrony;before;;Initial;Ant;Pst;Culm;Culm;Following an inquest, the coroner reported a narrative verdict, saying: ‘ Having been fed at 2.30am, Child M fell asleep whilst secured in a car seat which was placed in an upright position on a bunk bed in a room of the hotel.;
ENBE196;cause;reason;;Initial;Ant;Pst;St;Culm;Mr Freer said: ‘ Having lost my sight as well as my hearing, my future seemed very dismal and I did n’t want to think about what lay ahead.;
ENBE197;cause;reason;;Final;Ant;Pst;St;CP;Both world wars had a significant impact on Rosemary’s life, having lost two godfathers and three uncles in WWI, while her father Charles Ashton James was shot in the head and wounded during the Battle of the Somme.;
ENBE198;asynchrony;before;;Initial;Ant;PresP;St;Culm;Having found fame on the small screen for his infamous comedy creations, Sacha Baron Cohen’s heading back to TV in satirical new series Who Is America?;
ENBE199;cause;reason;;Initial;Ant;Pres;St;Pro;Once a dance choreographer, and having spent 10 years shaping and growing the London Korean Film Festival, LEAFF is the accumulation of countless hours of work.;
ENBE200;cause;reason;;Final;Ant;Pst;St;Pro;Sentencing Meek, South Tyneside Magistrates ’ Court heard the dogs were ‘ cowering and nervous ’ when they entered RSPCA care having suffered for months.;
